Translation Specification Report,,,,,,,,,,,,,,,,,,
,,,,,,,,,,,,,,,,,,
Target,Target,Target,Target,Target,Target,Target,Target,Target,Source,Source,Source,Source,Source,Source,Source,Source,,
,Required/,Min/Max,Field,Data,,Min/Max,,Literal/,,Required/,Min/Max,Field,Data,,Min/Max,,,
Name,Optional,Occurs,Name,Type,Presentation,Length,Description,Default,Qualified Name,Optional,Occurs,Name,Type,Presentation,Length,Description,Rule,Properties/Comments
,,,,,,,,,,,,,,,,,,
,,,,,,,,,,,,,,,,,,
,,,,,,,,,,,,,,,,,,
DDExtractCollateralList,,,,,,,,,,,,,,,,,,
  DDExtractCollateralList,,,,,,,,,,,,,,,,,,
    temp_HulaTransactionId,Optional,0 to 1,temp_HulaTransactionId,Text,General,0 to S,,,transaction2009|transaction|@sessionId,Optional,0 to 1,@sessionId,Text,String,0 to S,,MOVE @sessionId to [GTF_HulaTransactionId],
    COLLATERAL_LIST_RESPONSE,,,,,,,,,,,,,,,,,,
      temp_APPRAISAL_DEC_O,Optional,0 to 1,temp_APPRAISAL_DEC_O,Text,General,0 to S,,,invokeDecisionCoordinatorResponse|invokeDecisionCoordinatorResponse|info|lendingTransaction|lendingProductList|lendingProduct|decisionResults|appraiserAuthorityLevel,Optional,0 to 1,appraiserAuthorityLevel,Text,String,0 to S,An output of the Mortgage Decision Engine that indicates the minimum underwriting authority level required to review and approve a property appraisal.  Processors and underwriters are assigned different authority level based on experience and expertise.,MOVE appraiserAuthorityLevel to [GTF_AppraiserAuthorityLevel],
      temp_AT_RISK_COUNTY_O,Optional,0 to 1,temp_AT_RISK_COUNTY_O,Text,General,0 to S,,,invokeDecisionCoordinatorResponse|invokeDecisionCoordinatorResponse|info|lendingTransaction|transactionDetail|collateralList|collateral|marketClassificationCode,Optional,0 to 1,marketClassificationCode,Text,String,0 to S,Our organization's assessment of the risk of a geographical area of the subject property.8/21/2008~RMcGee~FHA CORE,MOVE marketClassificationCode to [GTF_AT_RISK_COUNTY_O],
      temp_DISASTER_AREA_INDICATOR,Optional,0 to 1,temp_DISASTER_AREA_INDICATOR,Text,String,0 to S,,,invokeDecisionCoordinatorResponse|invokeDecisionCoordinatorResponse|info|lendingTransaction|transactionDetail|collateralList|collateral|disasterAreaIndicator,Optional,0 to 1,disasterAreaIndicator,Boolean,Boolean,0 to S,Indicates whether the subject property is located within a disaster area.RM~05122011~CORE3_11,MOVE disasterAreaIndicator to [GTF_Disaster_Area_indicator],
    REP3Response,,,,,,,,,,,,,,,,,,
      temp_HIGH_CNTY_MEDIAN_HOME_PRICE_IND,Optional,0 to 1,temp_HIGH_CNTY_MEDIAN_HOME_PRICE_IND,Text,String,0 to S,,,invokeDecisionCoordinatorResponseREP4|invokeDecisionCoordinatorResponse|info|lendingTransaction|transactionDetail|collateralList|collateral|countyHigherMedianPriceIndicator,Optional,0 to 1,countyHigherMedianPriceIndicator,Boolean,Boolean,0 to S,Indicates that the median home price for the county exceeds a policy threshold.Shilak~01/27/2011~CORE R1.11,MOVE countyHigherMedianPriceIndicator to [GTF_HIGH_CNTY_MEDIAN_HOME_PRICE_IND],
      temp_HUDNeighborhoodWatchInd,Optional,0 to 1,temp_HUDNeighborhoodWatchInd,Text,String,0 to S,,,invokeDecisionCoordinatorResponseREP4|invokeDecisionCoordinatorResponse|info|lendingTransaction|transactionDetail|collateralList|collateral|HUDNeighborhoodWatchIndicator,Optional,0 to 1,HUDNeighborhoodWatchIndicator,Boolean,Boolean,0 to S,Denotes if the property is located in a HUD Neighborhood Watch area.06/28/2012~CLarson~ CORE R4.12,MOVE HUDNeighborhoodWatchIndicator to [GTF_HUDNeighborhoodWatchInd],
      temp_PROP_ACERAGE_QTY,Optional,0 to 1,temp_PROP_ACERAGE_QTY,Text,String,0 to S,,,invokeDecisionCoordinatorResponseREP4|invokeDecisionCoordinatorResponse|info|lendingTransaction|transactionDetail|collateralList|collateral|propertyAcreageQuantity,Optional,0 to 1,propertyAcreageQuantity,Number,Double                    -4.94065645841246544e-324 to 1.79769313486231570e+308,0 to S,Number of acres of the property.,MOVE propertyAcreageQuantity to [GTF_PROP_ACERAGE_QTY],
    COLLATERAL_LIST_REQUEST,,,,,,,,,,,,,,,,,,
      HULA_TRAN_ID,Required,1 to 1,HULA_TRAN_ID,Text,General,0 to S,,,,,,,,,,,"if GTF_HulaTransactionId <> 'XX'
  Move GTF_HulaTransactionId to HULA_TRAN_ID  
endif",
      SEQ_NUM,Required,1 to 1,SEQ_NUM,Text,General,0 to S,,,,,,,,,,,"compute GTF_SequenceNumber = GTF_SequenceNumber + 1
move GTF_SequenceNumber to SEQ_NUM",
      AMOUNT_APPRAISED,Required,1 to 1,AMOUNT_APPRAISED,Text,General,0 to S,,,invokeDecisionCoordinator|invokeDecisionCoordinator|lendingTransaction|transactionDetail|collateralList|collateral|appraisedValueAmt|amt,Required,1 to 1,amt,Number,Double                    -4.94065645841246544e-324 to 1.79769313486231570e+308,0 to S,An amount in US dollars or other specifed currency.,Move amt to AMOUNT_APPRAISED,
      AMOUNT_SALES_PRICE,Required,1 to 1,AMOUNT_SALES_PRICE,Text,General,0 to S,,,invokeDecisionCoordinator|invokeDecisionCoordinator|lendingTransaction|transactionDetail|collateralList|collateral|purchasePriceAmt|amt,Required,1 to 1,amt,Number,Double                    -4.94065645841246544e-324 to 1.79769313486231570e+308,0 to S,An amount in US dollars or other specifed currency.,Move amt to AMOUNT_SALES_PRICE,
      APPRAISAL_DEC_O,Required,1 to 1,APPRAISAL_DEC_O,Text,General,0 to S,,,,,,,,,,,"if GTF_AppraiserAuthorityLevel <>  'XX'
move GTF_AppraiserAuthorityLevel to APPRAISAL_DEC_O
endif",
      ATTACHED_IND,Required,1 to 1,ATTACHED_IND,Text,General,0 to S,,,invokeDecisionCoordinator|invokeDecisionCoordinator|lendingTransaction|transactionDetail|collateralList|collateral|attachedIndicator,Optional,0 to 1,attachedIndicator,Boolean,Boolean,0 to S,Indicates whether the property is connected to another property via common walls or roof.,"if attachedIndicator = 'true'
  move 'Y' to ATTACHED_IND
else
  move 'N' to ATTACHED_IND
endif",
      ECS_PROPERTY_CLASS,Required,1 to 1,ECS_PROPERTY_CLASS,Text,General,0 to S,,,invokeDecisionCoordinator|invokeDecisionCoordinator|lendingTransaction|transactionDetail|collateralList|collateral|propertyClass,Optional,0 to 1,propertyClass,Text,String,0 to S,Describes the features of a unique/unusual property design,Move propertyClass to ECS_PROPERTY_CLASS,
      LEASEHOLD_IND,Required,1 to 1,LEASEHOLD_IND,Text,General,0 to S,,,invokeDecisionCoordinator|invokeDecisionCoordinator|lendingTransaction|transactionDetail|collateralList|collateral|propertyRightsType,Optional,0 to 1,propertyRightsType,Text,String,0 to S,Specifies the intended property ownership rights for the property,"if propertyRightsType = 'LEASEHOLD'
  move 'Y' to LEASEHOLD_IND
else
  move 'N' to LEASEHOLD_IND
endif",
      BUILDING_STATUS_CORE,Required,1 to 1,BUILDING_STATUS_CORE,Text,General,0 to S,,,invokeDecisionCoordinator|invokeDecisionCoordinator|lendingTransaction|transactionDetail|collateralList|collateral|buildingStatusType,Optional,0 to 1,buildingStatusType,Text,String,0 to S,Specifies the physical status of the structure.RMcGee~10132008~CORE FHA,Move buildingStatusType to BUILDING_STATUS_CORE,
      OCCPCODE,Required,1 to 1,OCCPCODE,Text,General,0 to S,,,invokeDecisionCoordinator|invokeDecisionCoordinator|lendingTransaction|transactionDetail|collateralList|collateral|occupancy,Optional,0 to 1,occupancy,Text,String,0 to S,Specifies intended use by the borrower of the property.,"if occupancy = 'PRIMARY_RESIDENCE'
	move 'Y' to OCCPCODE
else if occupancy = 'INVESTOR'
	move 'I' to OCCPCODE
else if occupancy = 'SECOND_HOME'
	move 'S' to OCCPCODE
else
	move 'N' to OCCPCODE
endif",
      ORIGINALCOST,Required,1 to 1,ORIGINALCOST,Text,General,0 to S,,,invokeDecisionCoordinator|invokeDecisionCoordinator|lendingTransaction|transactionDetail|collateralList|collateral|originalCostAmt|amt,Required,1 to 1,amt,Number,Double                    -4.94065645841246544e-324 to 1.79769313486231570e+308,0 to S,An amount in US dollars or other specifed currency.,Move amt to ORIGINALCOST,
      PROP_CITY,Required,1 to 1,PROP_CITY,Text,General,0 to S,,,invokeDecisionCoordinator|invokeDecisionCoordinator|lendingTransaction|transactionDetail|collateralList|collateral|propertyAddress|cityName,Optional,0 to 1,cityName,Text,String,0 to S,The city name is the name of the city that is associated with the given Address,Move cityName to PROP_CITY,
      STATE,Required,1 to 1,STATE,Text,General,0 to S,,,invokeDecisionCoordinator|invokeDecisionCoordinator|lendingTransaction|transactionDetail|collateralList|collateral|propertyAddress|stateCode,Optional,0 to 1,stateCode,Text,String,0 to S,The state code is a 2 character abbreviation provided by the postal service used to identify the state.  See http://www.usps.com/ncsc/lookups/usps_abbreviations.html for the list of values.,Move stateCode to STATE,
      COUNTY,Required,1 to 1,COUNTY,Text,General,0 to S,,,invokeDecisionCoordinator|invokeDecisionCoordinator|lendingTransaction|transactionDetail|collateralList|collateral|propertyAddress|countyName,Optional,0 to 1,countyName,Text,String,0 to S,The county name is the name of the county that is associated with the Country Code.,Move countyName to COUNTY,
      YEAR_ACQUIRED,Required,1 to 1,YEAR_ACQUIRED,Text,General,0 to S,,,invokeDecisionCoordinator|invokeDecisionCoordinator|lendingTransaction|transactionDetail|collateralList|collateral|acquiredYear,Optional,0 to 1,acquiredYear,Number,Short                     -32768 to 327673,0 to S,The year in which the land and buildings of the property were acquired,Move acquiredYear to YEAR_ACQUIRED,
      SUBJ_NET_RENTAL_INCOME,Required,1 to 1,SUBJ_NET_RENTAL_INCOME,Text,General,0 to S,,,invokeDecisionCoordinator|invokeDecisionCoordinator|lendingTransaction|transactionDetail|collateralList|collateral|subjectPropertyNetRentalIncomeAmt|amt,Required,1 to 1,amt,Number,Double                    -4.94065645841246544e-324 to 1.79769313486231570e+308,0 to S,An amount in US dollars or other specifed currency.,Move amt to SUBJ_NET_RENTAL_INCOME,
      RESIDENTIAL_COLLATERAL_PID,Required,1 to 1,RESIDENTIAL_COLLATERAL_PID,Text,General,0 to S,,,invokeDecisionCoordinator|invokeDecisionCoordinator|lendingTransaction|transactionDetail|collateralList|collateral|persistenceDetail|sequenceNbr,Optional,0 to 1,sequenceNbr,Text,String,0 to S,Sequential number. Assigned by SOR.,Move sequenceNbr to RESIDENTIAL_COLLATERAL_PID,
      PUD_IND,Required,1 to 1,PUD_IND,Text,General,0 to S,,,invokeDecisionCoordinator|invokeDecisionCoordinator|lendingTransaction|transactionDetail|collateralList|collateral|plannedUnitDevelopmentIndicator,Optional,0 to 1,plannedUnitDevelopmentIndicator,Boolean,Boolean,0 to S,Indicates whether the property is located in a Planned Unit Development,"if plannedUnitDevelopmentIndicator = 'true'
  move 'Y' to PUD_IND
else
  move 'N' to PUD_IND
endif",
      AT_RISK_COUNTY_O,Required,1 to 1,AT_RISK_COUNTY_O,Text,General,0 to S,,,invokeDecisionCoordinatorResponse|invokeDecisionCoordinatorResponse|info|lendingTransaction|transactionDetail|collateralList|collateral|marketClassificationCode,Optional,0 to 1,marketClassificationCode,Text,String,0 to S,Our organization's assessment of the risk of a geographical area of the subject property.8/21/2008~RMcGee~FHA CORE,Move marketClassificationCode to AT_RISK_COUNTY_O,
      PROPERTY,Required,1 to 1,PROPERTY,Text,General,0 to S,,,invokeDecisionCoordinator|invokeDecisionCoordinator|lendingTransaction|transactionDetail|collateralList|collateral|propertyType,Optional,0 to 1,propertyType,Text,String,0 to S,"Dwelling type of real-estate property
DEPRECATED.   This element remains in use in Lending Business Services and the values specificed in GSEPropertyType_Enum are subject to change.  Other Business Services should use the version in realProperty2004-d1.","IF propertyType = 'CONDOMINIUM'
	IF floorCount > 5
		move 'HCO' to PROPERTY
	ELSE
		move 'LCO' to PROPERTY
	ENDIF
ELSEIF propertyType = 'SINGLE_FAMILY'
	IF livingUnitsCount = 1
		move 'SFD' to PROPERTY
	ELSEIF livingUnitsCount = 2
		move 'MF2' to PROPERTY
	ELSEIF livingUnitsCount = 3
		move 'MF3' to PROPERTY
	ELSEIF livingUnitsCount = 4
		move 'MF4' to PROPERTY
	ELSE
		move 'SFD' to PROPERTY
	ENDIF
ELSEIF propertyType = 'MANUFACTURED_MOBILE_HOME'
	move 'MAN' to PROPERTY
ELSEIF propertyType = 'MODULAR'
	move 'MOD' to PROPERTY
ELSEIF propertyType = 'COOPERATIVE'
	move 'COP' to PROPERTY
ELSEIF propertyType = 'FOUR_UNIT_PROPERTY'
	move 'MF4' to PROPERTY
ELSEIF propertyType = 'HIGH_RISE_CONDOMINIUM'
	move 'HCO' to PROPERTY
ELSEIF propertyType = 'LOW_RISE_CONDOMINIUM'
	move 'LCO' to PROPERTY
ELSEIF propertyType = 'THREE_UNIT_PROPERTY'
	move 'MF3' to PROPERTY
ELSEIF propertyType = 'TWO_UNIT_PROPERTY'
	move 'MF2' to PROPERTY
ELSEIF propertyType = ''
	move 'CON' to PROPERTY
ENDIF",
,,,,,,,,,invokeDecisionCoordinator|invokeDecisionCoordinator|lendingTransaction|transactionDetail|collateralList|collateral|livingUnitsCount,Optional,0 to 1,livingUnitsCount,Number,Short                     -32768 to 327673,0 to S,"Number of dwelling units or living quarters occupied, or intended for occupancy, by a household",,
,,,,,,,,,invokeDecisionCoordinator|invokeDecisionCoordinator|lendingTransaction|transactionDetail|collateralList|collateral|floorCount,Optional,0 to 1,floorCount,Number,Short                     -32768 to 327673,0 to S,"Identifies the number of floors in a structure, commonly collected for condominiums. It is used in conjunction with Property Type and it is conditionally required when the property type is CONDOMINIUM. In CORE there are rules using different criteria that cannot be based on the generic ""high rise"" or ""low rise"" condo categorization01/08/2007~MeherTaraporewalla~CORE DD CR402~ Added for WFF ehancements for CORE",,
      PROP_ESTIMATED_VALUE,Required,1 to 1,PROP_ESTIMATED_VALUE,Text,General,0 to S,,,invokeDecisionCoordinator|invokeDecisionCoordinator|lendingTransaction|transactionDetail|collateralList|collateral|estimatedValueAmt|amt,Required,1 to 1,amt,Number,Double                    -4.94065645841246544e-324 to 1.79769313486231570e+308,0 to S,An amount in US dollars or other specifed currency.,Move amt to PROP_ESTIMATED_VALUE,
      LEASEHOLD_EXP_DATE,Required,1 to 1,LEASEHOLD_EXP_DATE,Text,General,0 to S,,,invokeDecisionCoordinator|invokeDecisionCoordinator|lendingTransaction|transactionDetail|collateralList|collateral|leaseholdExpirationDate,Optional,0 to 1,leaseholdExpirationDate,Date,YYYY-MM-DD[-hh:mm]   2003-06-15-05:00,0 to S,Date on which the leasehold will expire,"If leaseholdExpirationDate exists
	Extract leaseholdExpirationDate at 1 for 10 to LTF_Temp
	Replace  characters ""-"" with """" in LTF_Temp  to LEASEHOLD_EXP_DATE
EndIf",
      PROP_YEAR_BUILT,Required,1 to 1,PROP_YEAR_BUILT,Text,General,0 to S,,,invokeDecisionCoordinator|invokeDecisionCoordinator|lendingTransaction|transactionDetail|collateralList|collateral|yearBuilt,Optional,0 to 1,yearBuilt,Number,Short                     -32768 to 327673,0 to S,The calendar year in which the asset was created,Move yearBuilt to PROP_YEAR_BUILT,
      WARRANTY_OPTION_TYPE,Required,1 to 1,WARRANTY_OPTION_TYPE,Text,General,0 to S,,,invokeDecisionCoordinator|invokeDecisionCoordinator|lendingTransaction|transactionDetail|collateralList|collateral|warrantyOptionType,Optional,0 to 1,warrantyOptionType,Text,String,0 to S,"Offers protection for mechanical systems and attached appliances against unexpected repairs not covered by homeowner's insurance; coverage extends over a specific time period and does not cover the home's structure.   
Valid Values: 
BUILDING_PERMIT_CERTIFICATE_OF_OCCUPANCY
TEN_YEAR_WARRANTY
Documentation regarding FHA Warranty Options on New Construction Homes is available at: http://www.ftc.gov/bcp/edu/pubs/consumer/homes/rea03.shtm
			Schilak~02/11/2010~CORE_2.10",Move warrantyOptionType to WARRANTY_OPTION_TYPE,
      PROP_NBR_OF_UNITS,Required,1 to 1,PROP_NBR_OF_UNITS,Text,General,0 to S,,,invokeDecisionCoordinator|invokeDecisionCoordinator|lendingTransaction|transactionDetail|collateralList|collateral|livingUnitsCount,Optional,0 to 1,livingUnitsCount,Number,Short                     -32768 to 327673,0 to S,"Number of dwelling units or living quarters occupied, or intended for occupancy, by a household",Move livingUnitsCount to PROP_NBR_OF_UNITS,
      FHA_PROPERTY_VALUE,Required,1 to 1,FHA_PROPERTY_VALUE,Text,General,0 to S,,,invokeDecisionCoordinator|invokeDecisionCoordinator|lendingTransaction|transactionDetail|collateralList|collateral|FHAPropertyValueAmt|amt,Required,1 to 1,amt,Number,Double                    -4.94065645841246544e-324 to 1.79769313486231570e+308,0 to S,An amount in US dollars or other specifed currency.,Move amt to FHA_PROPERTY_VALUE,
      HOMESTEAD_INDICATOR,Required,1 to 1,HOMESTEAD_INDICATOR,Text,General,0 to S,,,invokeDecisionCoordinator|invokeDecisionCoordinator|lendingTransaction|transactionDetail|collateralList|collateral|homesteadIndicator,Optional,0 to 1,homesteadIndicator,Boolean,Boolean,0 to S,Denotes whether a property is under state homestead laws.,Move homesteadIndicator to HOMESTEAD_INDICATOR,
      TEXAS_DEFINED_CASH_OUT_INDICATOR,Required,1 to 1,TEXAS_DEFINED_CASH_OUT_INDICATOR,Text,General,0 to S,,,invokeDecisionCoordinator|invokeDecisionCoordinator|lendingTransaction|transactionDetail|collateralList|collateral|texasDefinedCashOutIndicator,Optional,0 to 1,texasDefinedCashOutIndicator,Boolean,Boolean,0 to S,"Indicates if the loan, based on subject property, is subject to the section [TX 50(a)(6)] of the Texas constitution that has been amended to allow for cash-out/home equity transactions on owner occupied, homestead properties.Schilak~11/10/2010~CORE_R1.11","if stateCode = 'TX'
     If texasDefinedCashOutIndicator = 'true'
         MOVE 'Y' to TEXAS_DEFINED_CASH_OUT_INDICATOR
     ELSE
          MOVE 'N' to TEXAS_DEFINED_CASH_OUT_INDICATOR
     ENDIF
ENDIF",
,,,,,,,,,invokeDecisionCoordinator|invokeDecisionCoordinator|lendingTransaction|transactionDetail|collateralList|collateral|propertyAddress|stateCode,Optional,0 to 1,stateCode,Text,String,0 to S,The state code is a 2 character abbreviation provided by the postal service used to identify the state.  See http://www.usps.com/ncsc/lookups/usps_abbreviations.html for the list of values.,,
      HIGH_CNTY_MEDIAN_HOME_PRICE_IND,Required,1 to 1,HIGH_CNTY_MEDIAN_HOME_PRICE_IND,Text,General,0 to S,,,,,,,,,,,"if GTF_HIGH_CNTY_MEDIAN_HOME_PRICE_IND <> 'XX'
move GTF_HIGH_CNTY_MEDIAN_HOME_PRICE_IND to HIGH_CNTY_MEDIAN_HOME_PRICE_IND
endif",
      SEPTIC_PRESENT_INDICATOR,Required,1 to 1,SEPTIC_PRESENT_INDICATOR,Text,General,0 to S,,,invokeDecisionCoordinator|invokeDecisionCoordinator|lendingTransaction|transactionDetail|collateralList|collateral|septicPresentIndicator,Optional,0 to 1,septicPresentIndicator,Boolean,Boolean,0 to S,Indicates that a septic system is present on the property.07/01/2009~FDalrymple~RESPA Project R4.09,Move septicPresentIndicator to SEPTIC_PRESENT_INDICATOR,
      DISASTER_AREA_INDICATOR,Required,1 to 1,DISASTER_AREA_INDICATOR,Text,General,0 to S,,,invokeDecisionCoordinatorResponse|invokeDecisionCoordinatorResponse|info|lendingTransaction|transactionDetail|collateralList|collateral|disasterAreaIndicator,Optional,0 to 1,disasterAreaIndicator,Boolean,Boolean,0 to S,Indicates whether the subject property is located within a disaster area.RM~05122011~CORE3_11,Move disasterAreaIndicator to DISASTER_AREA_INDICATOR,
      SHORT_SALE_SOURCE,Required,1 to 1,SHORT_SALE_SOURCE,Text,General,0 to S,,,invokeDecisionCoordinator|invokeDecisionCoordinator|lendingTransaction|transactionDetail|collateralList|collateral|shortSaleSourceType,Optional,0 to 1,shortSaleSourceType,Text,String,0 to S,Identifies the specific type of short saleRM~05122011~CORE3_11,Move shortSaleSourceType to SHORT_SALE_SOURCE,
      AUCTION_HOUSE_INDICATOR,Required,1 to 1,AUCTION_HOUSE_INDICATOR,Text,General,0 to S,,,invokeDecisionCoordinator|invokeDecisionCoordinator|lendingTransaction|transactionDetail|collateralList|collateral|auctionHouseSaleIndicator,Optional,0 to 1,auctionHouseSaleIndicator,Boolean,Boolean,0 to S,Used to indicate if an auction house was used to sell the subject propertyRM~05122011~CORE3_11,Move auctionHouseSaleIndicator to AUCTION_HOUSE_INDICATOR,
      AUCTION_HOUSE_VALIDATION_STATUS,Required,1 to 1,AUCTION_HOUSE_VALIDATION_STATUS,Text,General,0 to S,,,invokeDecisionCoordinator|invokeDecisionCoordinator|lendingTransaction|transactionDetail|collateralList|collateral|auctionHouseSaleValidationStatusType,Optional,0 to 1,auctionHouseSaleValidationStatusType,Text,String,0 to S,Identifies the specific type of short saleRM~05122011~CORE3_11,Move auctionHouseSaleValidationStatusType to AUCTION_HOUSE_VALIDATION_STATUS,
      NUM_DAYS_PROPTY_OWNED_BY_SELLER,Required,1 to 1,NUM_DAYS_PROPTY_OWNED_BY_SELLER,Text,General,0 to S,,,invokeDecisionCoordinator|invokeDecisionCoordinator|lendingTransaction|transactionDetail|collateralList|collateral|sellerOwnedDaysCount,Optional,0 to 1,sellerOwnedDaysCount,Number,Int                       -2GB to 2GB,0 to S,Number of days that the seller owned the property.Schilak~10/21/2010~CORE R4.10,Move sellerOwnedDaysCount to NUM_DAYS_PROPTY_OWNED_BY_SELLER,
      PERCENT_SALES_PRICE_CHANGE,Required,1 to 1,PERCENT_SALES_PRICE_CHANGE,Text,General,0 to S,,,invokeDecisionCoordinator|invokeDecisionCoordinator|lendingTransaction|transactionDetail|collateralList|collateral|salesPriceChangePrcnt,Optional,0 to 1,salesPriceChangePrcnt,Number,Double                    -4.94065645841246544e-324 to 1.79769313486231570e+308,0 to S,"The difference between the sales price of the subject property that was paid by the seller, and the sale price of this transaction, represented as a percentageRM~05122011~CORE3_11",Move salesPriceChangePrcnt to PERCENT_SALES_PRICE_CHANGE,
      FHA_90_DAY_OWNRSHIP_EXEMPTN_IND,Required,1 to 1,FHA_90_DAY_OWNRSHIP_EXEMPTN_IND,Text,General,0 to S,,,invokeDecisionCoordinator|invokeDecisionCoordinator|lendingTransaction|transactionDetail|collateralList|collateral|ownershipLessThan90DaysExemptionIndicator,Optional,0 to 1,ownershipLessThan90DaysExemptionIndicator,Boolean,Boolean,0 to S,"Indicates if an FHA loan where the subject property has been owned by the seller for 90 calendar days or less, and is not an REORM~05122011~CORE3_11",Move ownershipLessThan90DaysExemptionIndicator to FHA_90_DAY_OWNRSHIP_EXEMPTN_IND,
      FHA91_180DAY_OWNRSHIP_EXEMPTN_IND,Required,1 to 1,FHA91_180DAY_OWNRSHIP_EXEMPTN_IND,Text,General,0 to S,,,invokeDecisionCoordinator|invokeDecisionCoordinator|lendingTransaction|transactionDetail|collateralList|collateral|ownership91Through180DaysExemptionIndicator,Optional,0 to 1,ownership91Through180DaysExemptionIndicator,Boolean,Boolean,0 to S,"Indicates if an FHA loan where the subject property has been owned by the seller for 91 to 180 calendar days, and is not an REO RM~05122011~CORE3_11",Move ownership91Through180DaysExemptionIndicator to FHA91_180DAY_OWNRSHIP_EXEMPTN_IND,
      OWNER_AND_SELLER_MATCH_INDICATOR,Required,1 to 1,OWNER_AND_SELLER_MATCH_INDICATOR,Text,General,0 to S,,,invokeDecisionCoordinator|invokeDecisionCoordinator|lendingTransaction|transactionDetail|collateralList|collateral|sellerMatchesOnTitleAndPurchaseContractIndicator,Optional,0 to 1,sellerMatchesOnTitleAndPurchaseContractIndicator,Boolean,Boolean,0 to S,Indicates if the owner listed on the subject property title is the same as the seller listed on the purchase contractRM~05122011~CORE3_11,Move sellerMatchesOnTitleAndPurchaseContractIndicator to OWNER_AND_SELLER_MATCH_INDICATOR,
      UNEXPRD_REDEMPTION_PRD_IND,Required,1 to 1,UNEXPRD_REDEMPTION_PRD_IND,Text,General,0 to S,,,invokeDecisionCoordinator|invokeDecisionCoordinator|lendingTransaction|transactionDetail|collateralList|collateral|unexpiredRedemptionPeriodIndicator,Optional,0 to 1,unexpiredRedemptionPeriodIndicator,Boolean,Boolean,0 to S,Indicates if an unexpired redemption period as it relates to the title on the subject property still existsRM~05122011~CORE3_11,Move unexpiredRedemptionPeriodIndicator to UNEXPRD_REDEMPTION_PRD_IND,
      PURCHS_AGREEMNT_RESTRCTN_IND,Required,1 to 1,PURCHS_AGREEMNT_RESTRCTN_IND,Text,General,0 to S,,,invokeDecisionCoordinator|invokeDecisionCoordinator|lendingTransaction|transactionDetail|collateralList|collateral|purchaseAgreementRestrictionsIndicator,Optional,0 to 1,purchaseAgreementRestrictionsIndicator,Boolean,Boolean,0 to S,Indicates that restrictions exist on the purchase agreementRM~05122011~CORE3_11,Move purchaseAgreementRestrictionsIndicator to PURCHS_AGREEMNT_RESTRCTN_IND,
      SELLERS_METHOD_OF_DISPOSITION,Required,1 to 1,SELLERS_METHOD_OF_DISPOSITION,Text,General,0 to S,,,invokeDecisionCoordinator|invokeDecisionCoordinator|lendingTransaction|transactionDetail|collateralList|collateral|sellerMethodOfDispositionType,Optional,0 to 1,sellerMethodOfDispositionType,Text,String,0 to S,Identifies the specific type of seller dispositionRM~05122011~CORE3_11,Move sellerMethodOfDispositionType to SELLERS_METHOD_OF_DISPOSITION,
      FHA_FLIP_EXEMPTION_REASON,Required,1 to 1,FHA_FLIP_EXEMPTION_REASON,Text,General,0 to S,,,invokeDecisionCoordinator|invokeDecisionCoordinator|lendingTransaction|transactionDetail|collateralList|collateral|ownershipExemptionReasonText,Optional,0 to 1,ownershipExemptionReasonText,Text,String,0 to S,Identifies reason for why the transaction is exempt from FHA policies regarding minimum number of days that a seller must own a property before FHA financing can be used to re-purchase itRM~05192011~CORE3_11,"if ownershipLessThan90DaysExemptionIndicator = 'true'
	move ownershipExemptionReasonText to FHA_FLIP_EXEMPTION_REASON
else if ownership91Through180DaysExemptionIndicator = 'true'
	move ownershipExemptionReasonText to FHA_FLIP_EXEMPTION_REASON
endif",
,,,,,,,,,invokeDecisionCoordinator|invokeDecisionCoordinator|lendingTransaction|transactionDetail|collateralList|collateral|ownershipLessThan90DaysExemptionIndicator,Optional,0 to 1,ownershipLessThan90DaysExemptionIndicator,Boolean,Boolean,0 to S,"Indicates if an FHA loan where the subject property has been owned by the seller for 90 calendar days or less, and is not an REORM~05122011~CORE3_11",,
,,,,,,,,,invokeDecisionCoordinator|invokeDecisionCoordinator|lendingTransaction|transactionDetail|collateralList|collateral|ownership91Through180DaysExemptionIndicator,Optional,0 to 1,ownership91Through180DaysExemptionIndicator,Boolean,Boolean,0 to S,"Indicates if an FHA loan where the subject property has been owned by the seller for 91 to 180 calendar days, and is not an REO RM~05122011~CORE3_11",,
      MULTIPL_COND_PROJECT_INSRNC_IND,Required,1 to 1,MULTIPL_COND_PROJECT_INSRNC_IND,Text,General,0 to S,,,invokeDecisionCoordinator|invokeDecisionCoordinator|lendingTransaction|transactionDetail|collateralList|collateral|multipleCondoProjectInsuranceIndicator,Optional,0 to 1,multipleCondoProjectInsuranceIndicator,Boolean,Boolean,0 to S,Indicates multiple different condo projects coming together to underwrite the insurance binder under one umbrella.SPonnala~06/30/2011~CORE_R4.11,Move multipleCondoProjectInsuranceIndicator to MULTIPL_COND_PROJECT_INSRNC_IND,
      RESORT_PROPERTY_IND,Required,1 to 1,RESORT_PROPERTY_IND,Text,General,0 to S,,,invokeDecisionCoordinator|invokeDecisionCoordinator|lendingTransaction|transactionDetail|collateralList|collateral|resortPropertyIndicator,Optional,0 to 1,resortPropertyIndicator,Boolean,Boolean,0 to S,Indicates whether the property is located in a resort area or an area devoted to public or private recreational usage.12/25/2006~LVaihiam ~ CORE CF GSLD ~ added resortPropertyIndicator for GSLD to EO Mapping,Move resortPropertyIndicator to RESORT_PROPERTY_IND,
      TITLE_TRANSFER_PAST_12MO_IND,Required,1 to 1,TITLE_TRANSFER_PAST_12MO_IND,Text,General,0 to S,,,invokeDecisionCoordinator|invokeDecisionCoordinator|lendingTransaction|transactionDetail|collateralList|collateral|titleTransferWithinPast12MonthsIndicator,Optional,0 to 1,titleTransferWithinPast12MonthsIndicator,Boolean,Boolean,0 to S,Indicates whether any transfers of title (land or dwelling) have occurred within the past 12 months on the subject propertySPonnala~08/15/2011~CORE_4.11,Move titleTransferWithinPast12MonthsIndicator to TITLE_TRANSFER_PAST_12MO_IND,
      BORR_IN_TITLE_MORE_12MO_IND,Required,1 to 1,BORR_IN_TITLE_MORE_12MO_IND,Text,General,0 to S,,,invokeDecisionCoordinator|invokeDecisionCoordinator|lendingTransaction|transactionDetail|collateralList|collateral|borrInTitleMoreThan12MonthsIndicator,Optional,0 to 1,borrInTitleMoreThan12MonthsIndicator,Boolean,Boolean,0 to S,"On a refinance transaction, indicates if the borrower has been in title for greater than 12 monthsSPonnala~08/15/2011~CORE_4.11",Move borrInTitleMoreThan12MonthsIndicator to BORR_IN_TITLE_MORE_12MO_IND,
      INVESTOR_CLASS_DELVRY_CODE,Required,1 to 1,INVESTOR_CLASS_DELVRY_CODE,Text,General,0 to S,,,invokeDecisionCoordinator|invokeDecisionCoordinator|lendingTransaction|transactionDetail|collateralList|collateral|projectClassInvestorDeliveryType,Optional,0 to 1,projectClassInvestorDeliveryType,Text,String,0 to S,"Specifies the investor indicated on the Investor Classification Code which is used to classify the Condominium, Cooperative, or PUD property.  The Investor Classification Delivery Code is the suffix portion of the value for the Investor Classification Code as provided by OPUS.SPonnala~08/30/2011~CORE R4.11",Move projectClassInvestorDeliveryType to INVESTOR_CLASS_DELVRY_CODE,
      PRO_RATA_SHARE_PRCT,Required,1 to 1,PRO_RATA_SHARE_PRCT,Text,General,0 to S,,,invokeDecisionCoordinator|invokeDecisionCoordinator|lendingTransaction|transactionDetail|collateralList|collateral|coopProRataSharePrcnt,Optional,0 to 1,coopProRataSharePrcnt,Number,Double                    -4.94065645841246544e-324 to 1.79769313486231570e+308,0 to S,The portion of the underlying blanket mortgage for the cooperative corporation that applies to the financed shares.SPonnala~08/30/2011~CORE R4.11,Move coopProRataSharePrcnt to PRO_RATA_SHARE_PRCT,
      STOCK_TRANSFER_FEE_AMT,Required,1 to 1,STOCK_TRANSFER_FEE_AMT,Text,General,0 to S,,,invokeDecisionCoordinator|invokeDecisionCoordinator|lendingTransaction|transactionDetail|collateralList|collateral|coopStockTransferFeeAmt|amt,Required,1 to 1,amt,Number,Double                    -4.94065645841246544e-324 to 1.79769313486231570e+308,0 to S,An amount in US dollars or other specifed currency.,Move amt to STOCK_TRANSFER_FEE_AMT,
      DERIVED_BUILDING_STATUS,Required,1 to 1,DERIVED_BUILDING_STATUS,Text,General,0 to S,,,invokeDecisionCoordinator|invokeDecisionCoordinator|lendingTransaction|transactionDetail|collateralList|collateral|derivedBuildingStatusType,Optional,0 to 1,derivedBuildingStatusType,Text,String,0 to S,"The system derived building status based on values present in Building Status, Building Duration and Property Previously Occupied.Schilak~11/23/2010~CORE R1.11",Move derivedBuildingStatusType to DERIVED_BUILDING_STATUS,
      PROPERTY_OCCUPCY_STATUS_DESC,Required,1 to 1,PROPERTY_OCCUPCY_STATUS_DESC,Text,General,0 to S,,,invokeDecisionCoordinator|invokeDecisionCoordinator|lendingTransaction|transactionDetail|collateralList|collateral|occupancyStatusDescription,Optional,0 to 1,occupancyStatusDescription,Text,String,0 to S,"Indicates who is living in the property, if the property is secured or not secured, or if it is partially vacant (multi-family dwelling)",Move occupancyStatusDescription to PROPERTY_OCCUPCY_STATUS_DESC,
      MULTI_PURCHASE_CONTRCT_IND,Required,1 to 1,MULTI_PURCHASE_CONTRCT_IND,Text,General,0 to S,,,invokeDecisionCoordinator|invokeDecisionCoordinator|lendingTransaction|transactionDetail|collateralList|collateral|multiplePurchaseContractsIndicator,Optional,0 to 1,multiplePurchaseContractsIndicator,Boolean,Boolean,0 to S,"Indicates if multiple contracts are provided to make up the total purchase price, mainly used in new construction transactions.Schilak~11/30/2010~CORE R4.10",Move multiplePurchaseContractsIndicator to MULTI_PURCHASE_CONTRCT_IND,
      HUDNeighborhoodWatchInd,Required,1 to 1,HUDNeighborhoodWatchInd,Text,General,0 to S,,,,,,,,,,,"if GTF_HUDNeighborhoodWatchInd <> 'XX'
move GTF_HUDNeighborhoodWatchInd to HUDNeighborhoodWatchInd
endif",
      BorrPortionOfUnderlyingMtgBalAmt,Required,1 to 1,BorrPortionOfUnderlyingMtgBalAmt,Text,General,0 to S,,,invokeDecisionCoordinator|invokeDecisionCoordinator|lendingTransaction|transactionDetail|collateralList|collateral|borrowerPortionOfUnderlyingMortgageAmt|amt,Required,1 to 1,amt,Number,Double                    -4.94065645841246544e-324 to 1.79769313486231570e+308,0 to S,An amount in US dollars or other specifed currency.,Move amt to BorrPortionOfUnderlyingMtgBalAmt,
      totalPurchasePriceAmt,Required,1 to 1,totalPurchasePriceAmt,Text,String,0 to S,,,invokeDecisionCoordinatorResponse|invokeDecisionCoordinatorResponse|info|lendingTransaction|transactionDetail|collateralList|collateral|totalPurchasePriceAmt|amt,Required,1 to 1,amt,Number,Double                    -4.94065645841246544e-324 to 1.79769313486231570e+308,0 to S,An amount in US dollars or other specifed currency.,Move amt to totalPurchasePriceAmt,
      LEASEHOLD_TYPE,Required,1 to 1,LEASEHOLD_TYPE,Text,String,0 to S,,,invokeDecisionCoordinator|invokeDecisionCoordinator|lendingTransaction|transactionDetail|collateralList|collateral|leaseholdType,Optional,0 to 1,leaseholdType,Text,String,0 to S,Specifies the leasehold type for the property,Move leaseholdType to LEASEHOLD_TYPE,
      LOT_AREA_MEASURE_UNIT,Required,1 to 1,LOT_AREA_MEASURE_UNIT,Text,String,0 to S,,,invokeDecisionCoordinator|invokeDecisionCoordinator|lendingTransaction|transactionDetail|collateralList|collateral|lotAreaUnitOfMeasureType,Optional,0 to 1,lotAreaUnitOfMeasureType,Text,String,0 to S,Defines the unit of measure for the land on which the property is located.,Move lotAreaUnitOfMeasureType to LOT_AREA_MEASURE_UNIT,
      LOT_AREA_SIZA,Required,1 to 1,LOT_AREA_SIZA,Text,String,0 to S,,,invokeDecisionCoordinator|invokeDecisionCoordinator|lendingTransaction|transactionDetail|collateralList|collateral|siteSizeQnty,Optional,0 to 1,siteSizeQnty,Number,Double                    -4.94065645841246544e-324 to 1.79769313486231570e+308,0 to S,The size of the lot that the property is located on and used in conjunction with lotAreaUnitOfMeasureType.,Move siteSizeQnty to LOT_AREA_SIZA,
      PROP_ACERAGE_QTY,Required,1 to 1,PROP_ACERAGE_QTY,Text,String,0 to S,,,,,,,,,,,"if GTF_PROP_ACERAGE_QTY <> 'XX'
move GTF_PROP_ACERAGE_QTY to PROP_ACERAGE_QTY
endif",
      PROP_COMMERCIAL_USE_PCT,Required,1 to 1,PROP_COMMERCIAL_USE_PCT,Text,String,0 to S,,,invokeDecisionCoordinator|invokeDecisionCoordinator|lendingTransaction|transactionDetail|collateralList|collateral|propertyCommercialUsePrcnt,Optional,0 to 1,propertyCommercialUsePrcnt,Number,Double                    -4.94065645841246544e-324 to 1.79769313486231570e+308,0 to S,The percentage of the property that is being used for commercial use.09/11/2014~JBelluomo~CORE R1.15,Move propertyCommercialUsePrcnt to PROP_COMMERCIAL_USE_PCT,
      TERMINATION_DUE_IND,Required,1 to 1,TERMINATION_DUE_IND,Text,String,0 to S,,,invokeDecisionCoordinator|invokeDecisionCoordinator|lendingTransaction|transactionDetail|collateralList|collateral|dueOnTerminationClausePresentIndicator,Optional,0 to 1,dueOnTerminationClausePresentIndicator,Boolean,Boolean,0 to S,Indicates if there is a due on termination clause present where there is corporate sponsored subordinate financing.09/11/2014~JBelluomo~CORE R1.15,Move dueOnTerminationClausePresentIndicator to TERMINATION_DUE_IND,
      ALL_LLC_MEMBERS_INDV_IND,Required,1 to 1,ALL_LLC_MEMBERS_INDV_IND,Text,String,0 to S,,,invokeDecisionCoordinator|invokeDecisionCoordinator|lendingTransaction|transactionDetail|collateralList|collateral|allLLCMembersAreIndividualsIndicator,Optional,0 to 1,allLLCMembersAreIndividualsIndicator,Boolean,Boolean,0 to S,Identifies whether all the members of the limited liability company are individuals and not in a trust or partnership.,Move allLLCMembersAreIndividualsIndicator to ALL_LLC_MEMBERS_INDV_IND,
      INVESTOR_CLASSIFCATION_CD,Required,1 to 1,INVESTOR_CLASSIFCATION_CD,Text,String,0 to S,,,invokeDecisionCoordinator|invokeDecisionCoordinator|lendingTransaction|transactionDetail|collateralList|collateral|investorClassificationType,Optional,0 to 1,investorClassificationType,Text,String,0 to S,Specifies the classification type for the investor indicated on the property.  The Investor Classification Delivery Code is derived from the suffix portion of this value.JBelluomo~01/15/2015~CORE R2.15,Move investorClassificationType to INVESTOR_CLASSIFCATION_CD,
      PRIVATE_WELL_PRES_IND,Required,1 to 1,PRIVATE_WELL_PRES_IND,Text,String,0 to S,,,invokeDecisionCoordinator|invokeDecisionCoordinator|lendingTransaction|transactionDetail|collateralList|collateral|privateWellPresentIndicator,Optional,0 to 1,privateWellPresentIndicator,Boolean,Boolean,0 to S,Indicates that a private well is present on the property.07/01/2009~FDalrymple~RESPA Project R4.09,Move privateWellPresentIndicator to PRIVATE_WELL_PRES_IND,
      PERSONAL_PROP_INCL_AMT,Required,1 to 1,PERSONAL_PROP_INCL_AMT,Text,String,0 to S,,,invokeDecisionCoordinator|invokeDecisionCoordinator|lendingTransaction|transactionDetail|collateralList|collateral|personalPropertyIncludedInSalesPriceAmt|amt,Required,1 to 1,amt,Number,Double                    -4.94065645841246544e-324 to 1.79769313486231570e+308,0 to S,An amount in US dollars or other specifed currency.,Move amt to PERSONAL_PROP_INCL_AMT,
      LENGTH_OF_OWNERSHIP_MO_CT,Required,1 to 1,LENGTH_OF_OWNERSHIP_MO_CT,Text,String,0 to S,,,invokeDecisionCoordinatorResponseREP4|invokeDecisionCoordinatorResponse|info|lendingTransaction|transactionDetail|collateralList|collateral|lengthOfOwnershipMonthsCount,Optional,0 to 1,lengthOfOwnershipMonthsCount,Number,Short                     -32768 to 327673,0 to S,The number of months between the Current Date and Property Original Ownership Date. .07/06/2015~JBelluomo~CORE R3.15,Move lengthOfOwnershipMonthsCount to LENGTH_OF_OWNERSHIP_MO_CT,
      CONDO_PROJ_WARRANTABLE_IND,Required,1 to 1,CONDO_PROJ_WARRANTABLE_IND,Text,String,0 to S,,,invokeDecisionCoordinator|invokeDecisionCoordinator|lendingTransaction|transactionDetail|collateralList|collateral|condoProjectWarrantableIndicator,Optional,0 to 1,condoProjectWarrantableIndicator,Boolean,Boolean,0 to S,Indicates if the Condo Project is Warrantable.,Move condoProjectWarrantableIndicator to CONDO_PROJ_WARRANTABLE_IND,
      TITLE_TRNSF_FRM_LLC_TRUST_IND,Required,1 to 1,TITLE_TRNSF_FRM_LLC_TRUST_IND,Text,String,0 to S,,,invokeDecisionCoordinator|invokeDecisionCoordinator|lendingTransaction|transactionDetail|collateralList|collateral|titleTransferedFromLLCOrTrustIndicator,Optional,0 to 1,titleTransferedFromLLCOrTrustIndicator,Boolean,Boolean,0 to S,Indicates if the title of the subject property was transferred from an LLC or trust.JBelluomo~05/28/2015~CORE R4.15,Move titleTransferedFromLLCOrTrustIndicator to TITLE_TRNSF_FRM_LLC_TRUST_IND,
      TITLE_TRANSFER_DATE,Required,1 to 1,TITLE_TRANSFER_DATE,Text,String,0 to S,,,invokeDecisionCoordinator|invokeDecisionCoordinator|lendingTransaction|transactionDetail|collateralList|collateral|titleTransferDate,Optional,0 to 1,titleTransferDate,Date,YYYY-MM-DD[-hh:mm]   2003-06-15-05:00,0 to S,Date the title of the subject property was transferred from an LLC or trust.JBelluomo~05/28/2015~CORE R4.15,Move titleTransferDate to TITLE_TRANSFER_DATE,
      PRIVATE_ROAD_WAIVED_IND,Required,1 to 1,PRIVATE_ROAD_WAIVED_IND,Text,String,0 to S,,,invokeDecisionCoordinator|invokeDecisionCoordinator|lendingTransaction|transactionDetail|collateralList|collateral|privateRoadCommonUseDrivewayCancelledOrWaivedIndicator,Optional,0 to 1,privateRoadCommonUseDrivewayCancelledOrWaivedIndicator,Boolean,Boolean,0 to S,Indicates that the private road common use driveway stipulation was cancelled or waived.,Move privateRoadCommonUseDrivewayCancelledOrWaivedIndicator to PRIVATE_ROAD_WAIVED_IND,
      MSA_DESC,Required,1 to 1,MSA_DESC,Text,String,0 to S,,,invokeDecisionCoordinatorResponseREP4|invokeDecisionCoordinatorResponse|info|lendingTransaction|transactionDetail|collateralList|collateral|MSADescription,Optional,0 to 1,MSADescription,Text,String,0 to S,Description associated with a specific Property MSA Code (Metropolitan Statistical Area) in which the collateral property is located.JBelluomo~06/03/2015~CORE R4.15,Move MSADescription to MSA_DESC,
      APPRAISAL_SEQUENCE_NUM,Required,1 to 1,APPRAISAL_SEQUENCE_NUM,Text,String,0 to S,,,invokeDecisionCoordinator|invokeDecisionCoordinator|lendingTransaction|transactionDetail|collateralList|collateral|appraisalSequenceNbr,Optional,0 to 1,appraisalSequenceNbr,Text,String,0 to S,This is a unique identifier for each appraisal03/18/2010~Schilak~CORE_3_10,Move appraisalSequenceNbr to APPRAISAL_SEQUENCE_NUM,
      SEC_PRIM_RESIDECNCE_IND,Required,1 to 1,SEC_PRIM_RESIDECNCE_IND,Text,String,0 to S,,,invokeDecisionCoordinator|invokeDecisionCoordinator|lendingTransaction|transactionDetail|collateralList|collateral|secondaryPrimaryResidenceIndicator,Optional,0 to 1,secondaryPrimaryResidenceIndicator,Boolean,Boolean,0 to S,Indicates whether second home is a primary residence for part of the year.Amitendra~CORE R1.16~08/13/2015,Move secondaryPrimaryResidenceIndicator to SEC_PRIM_RESIDECNCE_IND,
      LIVING_UNITS_NOTHABITABLE_COUNT,Required,1 to 1,LIVING_UNITS_NOTHABITABLE_COUNT,Text,String,0 to S,,,invokeDecisionCoordinator|invokeDecisionCoordinator|lendingTransaction|transactionDetail|collateralList|collateral|livingUnitsNotHabitableCount,Optional,0 to 1,livingUnitsNotHabitableCount,Number,Int                       -2GB to 2GB,0 to S,Number of units of the subject property that are not habitable during the property renovation.Amitendra~CORE R1.16~10/01/2015,Move livingUnitsNotHabitableCount to LIVING_UNITS_NOTHABITABLE_COUNT,
      TITLE_TRASFER_FROM_TYPE,Required,1 to 1,TITLE_TRASFER_FROM_TYPE,Text,String,0 to S,,,invokeDecisionCoordinator|invokeDecisionCoordinator|lendingTransaction|transactionDetail|collateralList|collateral|titleTransferFromType,Optional,0 to 1,titleTransferFromType,Text,String,0 to S,"When there is a transfer of the property, this identifies the type of party/group that the title is being transferred from.Amitendra~CORE R1.16~10/21/2015",Move titleTransferFromType to TITLE_TRASFER_FROM_TYPE,
      TITLE_TRASFER_AQUIRED_TYPE,Required,1 to 1,TITLE_TRASFER_AQUIRED_TYPE,Text,String,0 to S,,,invokeDecisionCoordinator|invokeDecisionCoordinator|lendingTransaction|transactionDetail|collateralList|collateral|titleTransferAcquiredType,Optional,0 to 1,titleTransferAcquiredType,Text,String,0 to S,"When there is a transfer of the property, this identifies how the property was acquired.Amitendra~CORE R1.16~10/21/2015",Move titleTransferAcquiredType to TITLE_TRASFER_AQUIRED_TYPE,
      INHERITANCE_TO_BUY_HEIRS_IND,Required,1 to 1,INHERITANCE_TO_BUY_HEIRS_IND,Text,String,0 to S,,,invokeDecisionCoordinator|invokeDecisionCoordinator|lendingTransaction|transactionDetail|collateralList|collateral|inheritanceUsedToBuyOutHeirsIndicator,Optional,0 to 1,inheritanceUsedToBuyOutHeirsIndicator,Boolean,Boolean,0 to S,"When a property is acquired via inheritance, this indicates if loan proceeds will be used to buy out heirs.Amitendra~CORE R1.16~10/21/2015",Move inheritanceUsedToBuyOutHeirsIndicator to INHERITANCE_TO_BUY_HEIRS_IND,
      COURT_CASH_TO_BUY_OUT_OTHER_IND,Required,1 to 1,COURT_CASH_TO_BUY_OUT_OTHER_IND,Text,String,0 to S,,,invokeDecisionCoordinator|invokeDecisionCoordinator|lendingTransaction|transactionDetail|collateralList|collateral|courtCashUsedToBuyOutOtherIndicator,Optional,0 to 1,courtCashUsedToBuyOutOtherIndicator,Boolean,Boolean,0 to S,"When a property is acquired via court order, this idicates if a cash out will be used to buy out interest of other party.Amitendra~CORE R1.16~10/21/2015",Move courtCashUsedToBuyOutOtherIndicator to COURT_CASH_TO_BUY_OUT_OTHER_IND,
      CUST_PAY_PAST_TWELVE_MON_IND,Required,1 to 1,CUST_PAY_PAST_TWELVE_MON_IND,Text,String,0 to S,,,invokeDecisionCoordinator|invokeDecisionCoordinator|lendingTransaction|transactionDetail|collateralList|collateral|customerPaymentPastTwelveMonthsIndicator,Optional,0 to 1,customerPaymentPastTwelveMonthsIndicator,Boolean,Boolean,0 to S,"When a property is acquired via quit claim deed, this idicates if customer has been paying mortgage for the past 12 months.Amitendra~CORE R1.16~10/21/2015",Move customerPaymentPastTwelveMonthsIndicator to CUST_PAY_PAST_TWELVE_MON_IND,
      VA_DEPNTOCCP_CURR_MILDUTY_IND,Required,1 to 1,VA_DEPNTOCCP_CURR_MILDUTY_IND,Text,String,0 to S,,,invokeDecisionCoordinator|invokeDecisionCoordinator|lendingTransaction|transactionDetail|collateralList|collateral|veteranDependentOccupyCurrentMilitaryDutyIndicator,Optional,0 to 1,veteranDependentOccupyCurrentMilitaryDutyIndicator,Boolean,Boolean,0 to S,"Indicates that the veteran is on active military duty and in his or her absence, a dependent child of the veteran occupies or will occupy the property securing this loan as their home.12/09/2015~JBelluomo~CORE R2.16",Move veteranDependentOccupyCurrentMilitaryDutyIndicator to VA_DEPNTOCCP_CURR_MILDUTY_IND,
      VA_DEPNTOCCP_PREV_MILDUTY_IND,Required,1 to 1,VA_DEPNTOCCP_PREV_MILDUTY_IND,Text,String,0 to S,,,invokeDecisionCoordinator|invokeDecisionCoordinator|lendingTransaction|transactionDetail|collateralList|collateral|veteranDependentOccupyPreviousMilitaryDutyIndicator,Optional,0 to 1,veteranDependentOccupyPreviousMilitaryDutyIndicator,Boolean,Boolean,0 to S,"Indicates that the veteran is on active military duty and in his or her absence, a dependent child of the veteran occupies or will occupy the property securing this loan as their home.12/09/2015~JBelluomo~CORE R2.16",Move veteranDependentOccupyPreviousMilitaryDutyIndicator to VA_DEPNTOCCP_PREV_MILDUTY_IND,
      CONST_2PERM_FIN_IND,Required,1 to 1,CONST_2PERM_FIN_IND,Text,String,0 to S,,,invokeDecisionCoordinator|invokeDecisionCoordinator|lendingTransaction|transactionDetail|collateralList|collateral|constructionToPermanentFinancingIndicator,Optional,0 to 1,constructionToPermanentFinancingIndicator,Boolean,Boolean,0 to S,Indicates if the loan is in the process of transferring interim construction financing to permanent financing.JBelluomo~CORE R2.16~12/23/2015,Move constructionToPermanentFinancingIndicator to CONST_2PERM_FIN_IND,
      TOT_VER_CONSTCOST_PAIDBYBORR_AMT,Required,1 to 1,TOT_VER_CONSTCOST_PAIDBYBORR_AMT,Text,String,0 to S,,,invokeDecisionCoordinatorResponseREP4|invokeDecisionCoordinatorResponse|info|lendingTransaction|transactionDetail|collateralList|collateral|constructionDetails|totalVerifiedConstructionCostsPaidByBorrowerAmt|amt,Required,1 to 1,amt,Number,Double                    -4.94065645841246544e-324 to 1.79769313486231570e+308,0 to S,An amount in US dollars or other specifed currency.,Move amt to TOT_VER_CONSTCOST_PAIDBYBORR_AMT,
      ALLOW_INTRM_CONSTR_LNCOST_AMT,Required,1 to 1,ALLOW_INTRM_CONSTR_LNCOST_AMT,Text,String,0 to S,,,invokeDecisionCoordinator|invokeDecisionCoordinator|lendingTransaction|transactionDetail|collateralList|collateral|constructionDetails|allowableInterimConstructionLoanCostAmt|amt,Required,1 to 1,amt,Number,Double                    -4.94065645841246544e-324 to 1.79769313486231570e+308,0 to S,An amount in US dollars or other specifed currency.,Move amt to ALLOW_INTRM_CONSTR_LNCOST_AMT,
      CONST_IMPROV_COST_AMT,Required,1 to 1,CONST_IMPROV_COST_AMT,Text,String,0 to S,,,invokeDecisionCoordinatorResponseREP4|invokeDecisionCoordinatorResponse|info|lendingTransaction|transactionDetail|collateralList|collateral|constructionDetails|constructionImprovementsCostAmt|amt,Required,1 to 1,amt,Number,Double                    -4.94065645841246544e-324 to 1.79769313486231570e+308,0 to S,An amount in US dollars or other specifed currency.,Move amt to CONST_IMPROV_COST_AMT,
      LAND_LOT_ACQUIRED_DATE,Required,1 to 1,LAND_LOT_ACQUIRED_DATE,Text,String,0 to S,,,invokeDecisionCoordinator|invokeDecisionCoordinator|lendingTransaction|transactionDetail|collateralList|collateral|landLotAcquiredDate,Optional,0 to 1,landLotAcquiredDate,Date,YYYY-MM-DD[-hh:mm]   2003-06-15-05:00,0 to S,Date the subject property lot / land was acquired.Amitendra~CORE R2.16~03/12/2015,"Extract landLotAcquiredDate Left For 10 Characters to [LTF_TargetDate]
Replace Characters ""-"" with """"  in [LTF_TargetDate] to Target



",
      MANUFACTURED_COND_IND,Required,1 to 1,MANUFACTURED_COND_IND,Text,String,0 to S,,,invokeDecisionCoordinator|invokeDecisionCoordinator|lendingTransaction|transactionDetail|collateralList|collateral|manufacturedCondominiumIndicator,Optional,0 to 1,manufacturedCondominiumIndicator,Boolean,Boolean,0 to S,Indicates if the property type is both a manufactured home and a condominium.03/09/2016~SPonnala~ CORE ~R3.16,Move manufacturedCondominiumIndicator to MANUFACTURED_COND_IND,
      VALUATION_REV_PRD_WAIVED_IND,Required,1 to 1,VALUATION_REV_PRD_WAIVED_IND,Text,String,0 to S,,,invokeDecisionCoordinator|invokeDecisionCoordinator|lendingTransaction|transactionDetail|collateralList|collateral|valuationReviewPeriodWaivedIndicator,Optional,0 to 1,valuationReviewPeriodWaivedIndicator,Boolean,Boolean,0 to S,Indicates whether the borrower has waived the subject property appraisal / valuation review period03/09/2016~SPonnala~ CORE ~R3.16,Move valuationReviewPeriodWaivedIndicator to VALUATION_REV_PRD_WAIVED_IND,
      PROP_COND_RATING_CODE,Required,1 to 1,PROP_COND_RATING_CODE,Text,String,0 to S,,,invokeDecisionCoordinator|invokeDecisionCoordinator|lendingTransaction|transactionDetail|collateralList|collateral|propertyConditionRatingCode,Optional,0 to 1,propertyConditionRatingCode,Text,String,0 to S,The rating of the property condition as provided by Appraisal underwriting process03/09/2016~SPonnala~ CORE ~R3.16,Move propertyConditionRatingCode to PROP_COND_RATING_CODE,
      TITLE_TRANS_IN_PAST_24MTHS_IND,Required,1 to 1,TITLE_TRANS_IN_PAST_24MTHS_IND,Text,String,0 to S,,,invokeDecisionCoordinator|invokeDecisionCoordinator|lendingTransaction|transactionDetail|collateralList|collateral|titleTransferWithinPast24MonthsIndicator,Optional,0 to 1,titleTransferWithinPast24MonthsIndicator,Boolean,Boolean,0 to S,Indicates whether any transfers of title (land or dwelling) have occurred within the past 24 months on the subject property03/09/2016~SPonnala~ CORE ~R3.16,Move titleTransferWithinPast24MonthsIndicator to TITLE_TRANS_IN_PAST_24MTHS_IND,
