Translation Specification Report

Target,Target,Target,Target,Target,Target,Target,Target,Target,Source,Source,Source,Source,Source,Source,Source,Source
,Required/,Min/Max,Field,Data,,Min/Max,,Literal/,,Required/,Min/Max,Field,Data,,Min/Max,,
Name,Optional,Occurs,Name,Type,Presentation,Length,Description,Default,Qualified Name,Optional,Occurs,Name,Type,Presentation,Length,Description,Rule,Properties/Comments



EOC
  EOC_PRICE_LOCK_LST
    temp_HulaTransactionId,Optional,0 to 1,temp_HulaTransactionId,"Text","General",0 to S,,,"transaction|transaction|@sessionId",Optional,0 to 1,@sessionId,"Text","String",0 to S,,"MOVE @sessionId to [GTF_TransactionId]",
    temp_SystemCreationDateTime,Optional,0 to 1,temp_SystemCreationDateTime,"Text","String",0 to S,,,"screenLendingTransactionResponse|screenLendingTransactionResponse|prospectiveLoanAccount|antiPredatoryLendingTestList|antiPredatoryLendingTest|closingCostList|closingCost|closingCostDetail|allocationDistributionMethodType",Optional,0 to 1,allocationDistributionMethodType,"Text","String",0 to S,"Identifies whether the cost item allocation is done using a percentage or a dollar amount","move allocationDistributionMethodType to LTF_12",
    prospectiveLoanAccount
      priceLockList
        priceLock
          HULA_TRAN_ID,Required,1 to 1,HULA_TRAN_ID,"Text","String",0 to S,,,"screenLendingTransaction|screenLendingTransaction|prospectiveLoanAccount|priceLockList|priceLock|lockDate",Optional,0 to 1,lockDate,"Date","YYYY-MM-DD[-hh:mm]   2003-06-15-05:00",0 to S,"Date portion of the date and time on which the agreement to lock a price and interest rate was made.","if lockDate exists
if GTF_TransactionId <> 'XX'
move GTF_TransactionId to HULA_TRAN_ID
endif
elseif pricingEffectiveDatetime exists
if GTF_TransactionId <> 'XX'
move GTF_TransactionId to HULA_TRAN_ID
endif
endif",
,,,,,,,,,"screenLendingTransaction|screenLendingTransaction|prospectiveLoanAccount|priceLockList|priceLock|pricingEffectiveDatetime",Optional,0 to 1,pricingEffectiveDatetime,"DateTime","YYYY-MM-DDThh:mm:ss[.sss][-hh:mm]  2003-06-15T13:20:00.000-05:00",0 to S,"The date and time that the pricing rate sheet which was used to lock the price became effective.",
          SEQ_NUM,Required,1 to 1,SEQ_NUM,"Text","String",0 to S,,,"screenLendingTransaction|screenLendingTransaction|prospectiveLoanAccount|priceLockList|priceLock|lockDate",Optional,0 to 1,lockDate,"Date","YYYY-MM-DD[-hh:mm]   2003-06-15-05:00",0 to S,"Date portion of the date and time on which the agreement to lock a price and interest rate was made.","compute GTF_SEQ_NUM = GTF_SEQ_NUM + 1
if lockDate exists
if GTF_SEQ_NUM <> '0'
move GTF_SEQ_NUM to SEQ_NUM
endif
elseif pricingEffectiveDatetime exists
if GTF_SEQ_NUM <> '0'
move GTF_SEQ_NUM to SEQ_NUM
endif
endif
",
,,,,,,,,,"screenLendingTransaction|screenLendingTransaction|prospectiveLoanAccount|priceLockList|priceLock|pricingEffectiveDatetime",Optional,0 to 1,pricingEffectiveDatetime,"DateTime","YYYY-MM-DDThh:mm:ss[.sss][-hh:mm]  2003-06-15T13:20:00.000-05:00",0 to S,"The date and time that the pricing rate sheet which was used to lock the price became effective.",
          PRICE_LOCK_DATE,Required,1 to 1,PRICE_LOCK_DATE,"Text","String",0 to S,,,"screenLendingTransaction|screenLendingTransaction|prospectiveLoanAccount|priceLockList|priceLock|lockDate",Optional,0 to 1,lockDate,"Date","YYYY-MM-DD[-hh:mm]   2003-06-15-05:00",0 to S,"Date portion of the date and time on which the agreement to lock a price and interest rate was made.","if lockDate exists
move lockDate to PRICE_LOCK_DATE
endif",
          PRICE_EFF_DATE_TIME,Required,1 to 1,PRICE_EFF_DATE_TIME,"Text","String",0 to S,,,"screenLendingTransaction|screenLendingTransaction|prospectiveLoanAccount|priceLockList|priceLock|pricingEffectiveDatetime",Optional,0 to 1,pricingEffectiveDatetime,"DateTime","YYYY-MM-DDThh:mm:ss[.sss][-hh:mm]  2003-06-15T13:20:00.000-05:00",0 to S,"The date and time that the pricing rate sheet which was used to lock the price became effective.","if pricingEffectiveDatetime exists
extract pricingEffectiveDatetime at 1 for 10 characters to temp_date
extract pricingEffectiveDatetime at 11 for 9 characters to temp_time
append temp_time to temp_date
move temp_date to PRICE_EFF_DATE_TIME
endif",
          temp_endDelimiter,Required,1 to 1,temp_endDelimiter,"Text","General",0 to S,,,,,,,,,,,"",
