Translation Specification Report,,,,,,,,,,,,,,,,,,
,,,,,,,,,,,,,,,,,,
Target,Target,Target,Target,Target,Target,Target,Target,Target,Source,Source,Source,Source,Source,Source,Source,Source,,
,Required/,Min/Max,Field,Data,,Min/Max,,Literal/,,Required/,Min/Max,Field,Data,,Min/Max,,,
Name,Optional,Occurs,Name,Type,Presentation,Length,Description,Default,Qualified Name,Optional,Occurs,Name,Type,Presentation,Length,Description,Rule,Properties/Comments
,,,,,,,,,,,,,,,,,,
,,,,,,,,,,,,,,,,,,
,,,,,,,,,,,,,,,,,,
QUALIFIED_MORTGAGE,,,,,,,,,,,,,,,,,,
  QUALIFIED_MORTGAGE,,,,,,,,,,,,,,,,,,
    temp_HulaTransactionId,Optional,0 to 1,temp_HulaTransactionId,Text,General,0 to S,,,transaction2009|transaction|@MasterTransactionID,Optional,0 to 1,@MasterTransactionID,Text,String,0 to S,,MOVE @MasterTransactionID to [GTF_TransactionId],
    temp_QMTRanId,Optional,0 to 1,temp_QMTRanId,Text,String,0 to S,,,transaction2009|transaction|@sessionId,Optional,0 to 1,@sessionId,Text,String,0 to S,,"IF @sessionId exists
   MOVE @sessionId to [GTF_QMTRanId]
ENDIF",
    temp_QM_CREATED_DATE_TIME,Optional,0 to 1,temp_QM_CREATED_DATE_TIME,Text,String,0 to S,,,transaction2009|transaction|@currentSystemDateTime,Optional,0 to 1,@currentSystemDateTime,DateTime,YYYY-MM-DDThh:mm:ss[.sss][-hh:mm]  2003-06-15T13:20:00.000-05:00,0 to S,,MOVE @currentSystemDateTime to [GTF_QM_CREATED_DATE_TIME],
    temp_loanNumber,Optional,0 to 1,temp_loanNumber,Text,String,0 to S,,,transaction2009|transaction|@loanNumber,Optional,0 to 1,@loanNumber,Text,String,0 to S,,MOVE @loanNumber to [GTF_LoanNumber],
    temp_ORIGINATOR_ID,Optional,0 to 1,temp_ORIGINATOR_ID,Text,String,0 to S,,,transaction2009|transaction|@originatorId,Optional,0 to 1,@originatorId,Text,String,0 to S,,"IF @originatorId Exists
   MOVE @originatorId to [GTF_ORIGINATOR_ID]
ENDIF",
    LENDING_TRANSACTION_LIST,,,,,,,,,,,,,,,,,,
      Lending_Product_List,,,,,,,,,,,,,,,,,,
        Lending_Prodcut,,,,,,,,,,,,,,,,,,
          QM_TRAN_ID,Required,1 to 1,QM_TRAN_ID,Text,General,0 to S,,,determineQualifiedMortgage|determineQualifiedMortgage|lendingTransactionList|lendingTransaction|lendingProductList|lendingProduct|lendingProductType,Optional,0 to 1,lendingProductType,Text,String,0 to S,The base financial feature offered to customers as a means to achieve their financial needs. This includes borrowing funds with specific terms and repayment plans (loans) and opens lines of credit (lines) to serve customer's financial needs.,"if requiredAdherenceType <> """"
   IF [GTF_QMTRanId] <> 'XX'
      MOVE [GTF_QMTRanId] to QM_TRAN_ID
   ENDIF
ENDIF",
,,,,,,,,,determineQualifiedMortgage|determineQualifiedMortgage|lendingTransactionList|lendingTransaction|lendingProductList|lendingProduct|qualifiedMortgageInput|requiredAdherenceType,Optional,0 to 1,requiredAdherenceType,Text,String,0 to S,Indicates whether loan must adhere to Federal Qualified Mortgage Standards.05/16/2013~CLarson~CORE R4.13,,
          RULES_SERVICE_REQUEST_TYPE,Required,1 to 1,RULES_SERVICE_REQUEST_TYPE,Text,General,0 to S,,,determineQualifiedMortgage|determineQualifiedMortgage|lendingTransactionList|lendingTransaction|lendingProductList|lendingProduct|rulesServiceRequestTypeText,Optional,0 to 1,rulesServiceRequestTypeText,Text,String,0 to S,Describes the type of request that the calling system requires from a rules service.SPonnala~01/26/2012~CORE R2.12,"if requiredAdherenceType <> """"
move rulesServiceRequestTypeText to RULES_SERVICE_REQUEST_TYPE
endif",
,,,,,,,,,determineQualifiedMortgage|determineQualifiedMortgage|lendingTransactionList|lendingTransaction|lendingProductList|lendingProduct|lendingProductType,Optional,0 to 1,lendingProductType,Text,String,0 to S,The base financial feature offered to customers as a means to achieve their financial needs. This includes borrowing funds with specific terms and repayment plans (loans) and opens lines of credit (lines) to serve customer's financial needs.,,
,,,,,,,,,determineQualifiedMortgage|determineQualifiedMortgage|lendingTransactionList|lendingTransaction|lendingProductList|lendingProduct|qualifiedMortgageInput|requiredAdherenceType,Optional,0 to 1,requiredAdherenceType,Text,String,0 to S,Indicates whether loan must adhere to Federal Qualified Mortgage Standards.05/16/2013~CLarson~CORE R4.13,,
          REQUIRED_ADHERENCE_TYPE,Required,1 to 1,REQUIRED_ADHERENCE_TYPE,Text,General,0 to S,,,determineQualifiedMortgage|determineQualifiedMortgage|lendingTransactionList|lendingTransaction|lendingProductList|lendingProduct|lendingProductType,Optional,0 to 1,lendingProductType,Text,String,0 to S,The base financial feature offered to customers as a means to achieve their financial needs. This includes borrowing funds with specific terms and repayment plans (loans) and opens lines of credit (lines) to serve customer's financial needs.,"if requiredAdherenceType <> """"
move requiredAdherenceType to REQUIRED_ADHERENCE_TYPE
endif",
,,,,,,,,,determineQualifiedMortgage|determineQualifiedMortgage|lendingTransactionList|lendingTransaction|lendingProductList|lendingProduct|qualifiedMortgageInput|requiredAdherenceType,Optional,0 to 1,requiredAdherenceType,Text,String,0 to S,Indicates whether loan must adhere to Federal Qualified Mortgage Standards.05/16/2013~CLarson~CORE R4.13,,
          LOAN_TIER_THRESHOLD_STATUS_TYPE,Required,1 to 1,LOAN_TIER_THRESHOLD_STATUS_TYPE,Text,String,0 to S,,,determineQualifiedMortgage|determineQualifiedMortgage|lendingTransactionList|lendingTransaction|lendingProductList|lendingProduct|lendingProductType,Optional,0 to 1,lendingProductType,Text,String,0 to S,The base financial feature offered to customers as a means to achieve their financial needs. This includes borrowing funds with specific terms and repayment plans (loans) and opens lines of credit (lines) to serve customer's financial needs.,"if requiredAdherenceType <> """"
move loanTierThresholdStatusType to LOAN_TIER_THRESHOLD_STATUS_TYPE
endif",
,,,,,,,,,determineQualifiedMortgage|determineQualifiedMortgage|lendingTransactionList|lendingTransaction|lendingProductList|lendingProduct|qualifiedMortgageInput|loanTierThresholdStatusType,Optional,0 to 1,loanTierThresholdStatusType,Text,String,0 to S,tbd.06/11/2013~CLarson~CORE R4.13,,
,,,,,,,,,determineQualifiedMortgage|determineQualifiedMortgage|lendingTransactionList|lendingTransaction|lendingProductList|lendingProduct|qualifiedMortgageInput|requiredAdherenceType,Optional,0 to 1,requiredAdherenceType,Text,String,0 to S,Indicates whether loan must adhere to Federal Qualified Mortgage Standards.05/16/2013~CLarson~CORE R4.13,,
          PRODUCT_COMPLIANCE_TYPE_O,Required,1 to 1,PRODUCT_COMPLIANCE_TYPE_O,Text,String,0 to S,,,determineQualifiedMortgage|determineQualifiedMortgage|lendingTransactionList|lendingTransaction|lendingProductList|lendingProduct|lendingProductType,Optional,0 to 1,lendingProductType,Text,String,0 to S,The base financial feature offered to customers as a means to achieve their financial needs. This includes borrowing funds with specific terms and repayment plans (loans) and opens lines of credit (lines) to serve customer's financial needs.,"if requiredAdherenceType <> """"
move productComplianceType to PRODUCT_COMPLIANCE_TYPE_O
endif",
,,,,,,,,,determineQualifiedMortgageResponse|determineQualifiedMortgageResponse|info|lendingTransactionList|lendingTransaction|lendingProductList|lendingProduct|qualifiedMortgageResults|productComplianceType,Optional,0 to 1,productComplianceType,Text,String,0 to S,Indicates whether the loan complies with the Federal Qualified Mortgage Product standards.05/16/2013~CLarson~CORE R4.13,,
,,,,,,,,,determineQualifiedMortgage|determineQualifiedMortgage|lendingTransactionList|lendingTransaction|lendingProductList|lendingProduct|qualifiedMortgageInput|requiredAdherenceType,Optional,0 to 1,requiredAdherenceType,Text,String,0 to S,Indicates whether loan must adhere to Federal Qualified Mortgage Standards.05/16/2013~CLarson~CORE R4.13,,
          DOCUMENT_COMPLIANCE_TYPE,Required,1 to 1,DOCUMENT_COMPLIANCE_TYPE,Text,String,0 to S,,,determineQualifiedMortgage|determineQualifiedMortgage|lendingTransactionList|lendingTransaction|lendingProductList|lendingProduct|lendingProductType,Optional,0 to 1,lendingProductType,Text,String,0 to S,The base financial feature offered to customers as a means to achieve their financial needs. This includes borrowing funds with specific terms and repayment plans (loans) and opens lines of credit (lines) to serve customer's financial needs.,"if requiredAdherenceType <> """"
move documentationComplianceType to DOCUMENT_COMPLIANCE_TYPE
endif",
,,,,,,,,,determineQualifiedMortgageResponse|determineQualifiedMortgageResponse|info|lendingTransactionList|lendingTransaction|lendingProductList|lendingProduct|qualifiedMortgageResults|documentationComplianceType,Optional,0 to 1,documentationComplianceType,Text,String,0 to S,Indicates whether the loan complies with the Federal Qualified Mortgage Documentation standards.05/16/2013~CLarson~CORE R4.13,,
,,,,,,,,,determineQualifiedMortgage|determineQualifiedMortgage|lendingTransactionList|lendingTransaction|lendingProductList|lendingProduct|qualifiedMortgageInput|requiredAdherenceType,Optional,0 to 1,requiredAdherenceType,Text,String,0 to S,Indicates whether loan must adhere to Federal Qualified Mortgage Standards.05/16/2013~CLarson~CORE R4.13,,
          DTI_COMPLIANCE_STATUS_TYPE_O,Required,1 to 1,DTI_COMPLIANCE_STATUS_TYPE_O,Text,String,0 to S,,,determineQualifiedMortgage|determineQualifiedMortgage|lendingTransactionList|lendingTransaction|lendingProductList|lendingProduct|lendingProductType,Optional,0 to 1,lendingProductType,Text,String,0 to S,The base financial feature offered to customers as a means to achieve their financial needs. This includes borrowing funds with specific terms and repayment plans (loans) and opens lines of credit (lines) to serve customer's financial needs.,"if requiredAdherenceType <> """"
move debtToIncomeComplianceStatusType to DTI_COMPLIANCE_STATUS_TYPE_O
endif",
,,,,,,,,,determineQualifiedMortgageResponse|determineQualifiedMortgageResponse|info|lendingTransactionList|lendingTransaction|lendingProductList|lendingProduct|qualifiedMortgageResults|debtToIncomeComplianceStatusType,Optional,0 to 1,debtToIncomeComplianceStatusType,Text,String,0 to S,Indicates whether the loan complies with the Federal Debt To Income (DTI) standards.05/16/2013~CLarson~CORE R4.13,,
,,,,,,,,,determineQualifiedMortgage|determineQualifiedMortgage|lendingTransactionList|lendingTransaction|lendingProductList|lendingProduct|qualifiedMortgageInput|requiredAdherenceType,Optional,0 to 1,requiredAdherenceType,Text,String,0 to S,Indicates whether loan must adhere to Federal Qualified Mortgage Standards.05/16/2013~CLarson~CORE R4.13,,
          COMPLIANCE_STATUS_O,Required,1 to 1,COMPLIANCE_STATUS_O,Text,String,0 to S,,,determineQualifiedMortgage|determineQualifiedMortgage|lendingTransactionList|lendingTransaction|lendingProductList|lendingProduct|lendingProductType,Optional,0 to 1,lendingProductType,Text,String,0 to S,The base financial feature offered to customers as a means to achieve their financial needs. This includes borrowing funds with specific terms and repayment plans (loans) and opens lines of credit (lines) to serve customer's financial needs.,"if requiredAdherenceType <> """"
move complianceStatusType to COMPLIANCE_STATUS_O
endif",
,,,,,,,,,determineQualifiedMortgageResponse|determineQualifiedMortgageResponse|info|lendingTransactionList|lendingTransaction|lendingProductList|lendingProduct|qualifiedMortgageResults|complianceStatusType,Optional,0 to 1,complianceStatusType,Text,String,0 to S,Indicates whether the loan complies with the Federal Qualified Mortgage standards.05/16/2013~CLarson~CORE R4.13,,
,,,,,,,,,determineQualifiedMortgage|determineQualifiedMortgage|lendingTransactionList|lendingTransaction|lendingProductList|lendingProduct|qualifiedMortgageInput|requiredAdherenceType,Optional,0 to 1,requiredAdherenceType,Text,String,0 to S,Indicates whether loan must adhere to Federal Qualified Mortgage Standards.05/16/2013~CLarson~CORE R4.13,,
          FLTT_DIRECT_LOAN_AMT,Required,1 to 1,FLTT_DIRECT_LOAN_AMT,Text,String,0 to S,,,determineQualifiedMortgage|determineQualifiedMortgage|lendingTransactionList|lendingTransaction|lendingProductList|lendingProduct|lendingProductType,Optional,0 to 1,lendingProductType,Text,String,0 to S,The base financial feature offered to customers as a means to achieve their financial needs. This includes borrowing funds with specific terms and repayment plans (loans) and opens lines of credit (lines) to serve customer's financial needs.,"if requiredAdherenceType <> """"
move amt to FLTT_DIRECT_LOAN_AMT
endif",
,,,,,,,,,determineQualifiedMortgage|determineQualifiedMortgage|lendingTransactionList|lendingTransaction|lendingProductList|lendingProduct|qualifiedMortgageInput|FLTTDirectLoanAmt|amt,Required,1 to 1,amt,Number,Double                    -4.94065645841246544e-324 to 1.79769313486231570e+308,0 to S,An amount in US dollars or other specifed currency.,,
,,,,,,,,,determineQualifiedMortgage|determineQualifiedMortgage|lendingTransactionList|lendingTransaction|lendingProductList|lendingProduct|qualifiedMortgageInput|requiredAdherenceType,Optional,0 to 1,requiredAdherenceType,Text,String,0 to S,Indicates whether loan must adhere to Federal Qualified Mortgage Standards.05/16/2013~CLarson~CORE R4.13,,
          FLTT_MODIFD_LOAN_AMT,Required,1 to 1,FLTT_MODIFD_LOAN_AMT,Text,String,0 to S,,,determineQualifiedMortgage|determineQualifiedMortgage|lendingTransactionList|lendingTransaction|lendingProductList|lendingProduct|lendingProductType,Optional,0 to 1,lendingProductType,Text,String,0 to S,The base financial feature offered to customers as a means to achieve their financial needs. This includes borrowing funds with specific terms and repayment plans (loans) and opens lines of credit (lines) to serve customer's financial needs.,"if requiredAdherenceType <> """"
move amt to FLTT_MODIFD_LOAN_AMT
endif",
,,,,,,,,,determineQualifiedMortgage|determineQualifiedMortgage|lendingTransactionList|lendingTransaction|lendingProductList|lendingProduct|qualifiedMortgageInput|FLTTModifiedLoanAmt|amt,Required,1 to 1,amt,Number,Double                    -4.94065645841246544e-324 to 1.79769313486231570e+308,0 to S,An amount in US dollars or other specifed currency.,,
,,,,,,,,,determineQualifiedMortgage|determineQualifiedMortgage|lendingTransactionList|lendingTransaction|lendingProductList|lendingProduct|qualifiedMortgageInput|requiredAdherenceType,Optional,0 to 1,requiredAdherenceType,Text,String,0 to S,Indicates whether loan must adhere to Federal Qualified Mortgage Standards.05/16/2013~CLarson~CORE R4.13,,
          FLTT_MAX_FEE_AMT,Required,1 to 1,FLTT_MAX_FEE_AMT,Text,String,0 to S,,,determineQualifiedMortgage|determineQualifiedMortgage|lendingTransactionList|lendingTransaction|lendingProductList|lendingProduct|lendingProductType,Optional,0 to 1,lendingProductType,Text,String,0 to S,The base financial feature offered to customers as a means to achieve their financial needs. This includes borrowing funds with specific terms and repayment plans (loans) and opens lines of credit (lines) to serve customer's financial needs.,"if requiredAdherenceType <> """"
move amt to FLTT_MAX_FEE_AMT
endif",
,,,,,,,,,determineQualifiedMortgage|determineQualifiedMortgage|lendingTransactionList|lendingTransaction|lendingProductList|lendingProduct|qualifiedMortgageInput|FLTTMaximumFeeAmt|amt,Required,1 to 1,amt,Number,Double                    -4.94065645841246544e-324 to 1.79769313486231570e+308,0 to S,An amount in US dollars or other specifed currency.,,
,,,,,,,,,determineQualifiedMortgage|determineQualifiedMortgage|lendingTransactionList|lendingTransaction|lendingProductList|lendingProduct|qualifiedMortgageInput|requiredAdherenceType,Optional,0 to 1,requiredAdherenceType,Text,String,0 to S,Indicates whether loan must adhere to Federal Qualified Mortgage Standards.05/16/2013~CLarson~CORE R4.13,,
          FLTT_TOTAL_ACTL_FEE_AMT,Required,1 to 1,FLTT_TOTAL_ACTL_FEE_AMT,Text,String,0 to S,,,determineQualifiedMortgage|determineQualifiedMortgage|lendingTransactionList|lendingTransaction|lendingProductList|lendingProduct|lendingProductType,Optional,0 to 1,lendingProductType,Text,String,0 to S,The base financial feature offered to customers as a means to achieve their financial needs. This includes borrowing funds with specific terms and repayment plans (loans) and opens lines of credit (lines) to serve customer's financial needs.,"if requiredAdherenceType <> """"
move amt to FLTT_TOTAL_ACTL_FEE_AMT
endif",
,,,,,,,,,determineQualifiedMortgage|determineQualifiedMortgage|lendingTransactionList|lendingTransaction|lendingProductList|lendingProduct|qualifiedMortgageInput|FLTTTotalActualFeeAmt|amt,Required,1 to 1,amt,Number,Double                    -4.94065645841246544e-324 to 1.79769313486231570e+308,0 to S,An amount in US dollars or other specifed currency.,,
,,,,,,,,,determineQualifiedMortgage|determineQualifiedMortgage|lendingTransactionList|lendingTransaction|lendingProductList|lendingProduct|qualifiedMortgageInput|requiredAdherenceType,Optional,0 to 1,requiredAdherenceType,Text,String,0 to S,Indicates whether loan must adhere to Federal Qualified Mortgage Standards.05/16/2013~CLarson~CORE R4.13,,
          FED_QM_PROVISION_TYPE,Required,1 to 1,FED_QM_PROVISION_TYPE,Text,String,0 to S,,,determineQualifiedMortgage|determineQualifiedMortgage|lendingTransactionList|lendingTransaction|lendingProductList|lendingProduct|lendingProductType,Optional,0 to 1,lendingProductType,Text,String,0 to S,The base financial feature offered to customers as a means to achieve their financial needs. This includes borrowing funds with specific terms and repayment plans (loans) and opens lines of credit (lines) to serve customer's financial needs.,"if requiredAdherenceType <> """"
move federalQualifiedMortgageProvisionDescription to FED_QM_PROVISION_TYPE
endif",
,,,,,,,,,determineQualifiedMortgageResponse|determineQualifiedMortgageResponse|info|lendingTransactionList|lendingTransaction|lendingProductList|lendingProduct|qualifiedMortgageResults|federalQualifiedMortgageProvisionDescription,Optional,0 to 1,federalQualifiedMortgageProvisionDescription,Text,String,0 to S,Identifies whether the temporary provision is applicable to the loan or not.07/23/2013~CLarson~CORE R4.13,,
,,,,,,,,,determineQualifiedMortgage|determineQualifiedMortgage|lendingTransactionList|lendingTransaction|lendingProductList|lendingProduct|qualifiedMortgageInput|requiredAdherenceType,Optional,0 to 1,requiredAdherenceType,Text,String,0 to S,Indicates whether loan must adhere to Federal Qualified Mortgage Standards.05/16/2013~CLarson~CORE R4.13,,
          PURCHASE_ELIGIBILITY_IND,Required,1 to 1,PURCHASE_ELIGIBILITY_IND,Text,String,0 to S,,,determineQualifiedMortgage|determineQualifiedMortgage|lendingTransactionList|lendingTransaction|lendingProductList|lendingProduct|lendingProductType,Optional,0 to 1,lendingProductType,Text,String,0 to S,The base financial feature offered to customers as a means to achieve their financial needs. This includes borrowing funds with specific terms and repayment plans (loans) and opens lines of credit (lines) to serve customer's financial needs.,"if requiredAdherenceType <> """"
move purchaseEligibilityIndicator to PURCHASE_ELIGIBILITY_IND
endif",
,,,,,,,,,determineQualifiedMortgage|determineQualifiedMortgage|lendingTransactionList|lendingTransaction|lendingProductList|lendingProduct|decisionResults|externalDecisionResultsList|externalDecisionResults|purchaseEligibilityIndicator,Optional,0 to 1,purchaseEligibilityIndicator,Boolean,Boolean,0 to S,Indicates if the External Automated Underwriting System determined the loan eligible for purchase.07/23/2013~CLarson~CORE 4.13,,
,,,,,,,,,determineQualifiedMortgage|determineQualifiedMortgage|lendingTransactionList|lendingTransaction|lendingProductList|lendingProduct|qualifiedMortgageInput|requiredAdherenceType,Optional,0 to 1,requiredAdherenceType,Text,String,0 to S,Indicates whether loan must adhere to Federal Qualified Mortgage Standards.05/16/2013~CLarson~CORE R4.13,,
          AU_SERVICE_APPRVL,Required,1 to 1,AU_SERVICE_APPRVL,Text,String,0 to S,,,determineQualifiedMortgage|determineQualifiedMortgage|lendingTransactionList|lendingTransaction|lendingProductList|lendingProduct|lendingProductType,Optional,0 to 1,lendingProductType,Text,String,0 to S,The base financial feature offered to customers as a means to achieve their financial needs. This includes borrowing funds with specific terms and repayment plans (loans) and opens lines of credit (lines) to serve customer's financial needs.,"if requiredAdherenceType <> """"
move decisionEngineName to AU_SERVICE_APPRVL
endif",
,,,,,,,,,determineQualifiedMortgageResponse|determineQualifiedMortgageResponse|info|lendingTransactionList|lendingTransaction|lendingProductList|lendingProduct|qualifiedMortgageResults|decisionEngineName,Optional,0 to 1,decisionEngineName,Text,String,0 to S,Identifies internal or external decision engine used to evaluate risk,,
,,,,,,,,,determineQualifiedMortgage|determineQualifiedMortgage|lendingTransactionList|lendingTransaction|lendingProductList|lendingProduct|qualifiedMortgageInput|requiredAdherenceType,Optional,0 to 1,requiredAdherenceType,Text,String,0 to S,Indicates whether loan must adhere to Federal Qualified Mortgage Standards.05/16/2013~CLarson~CORE R4.13,,
          SEQ_NUM,Required,1 to 1,SEQ_NUM,Text,General,0 to S,,,determineQualifiedMortgage|determineQualifiedMortgage|lendingTransactionList|lendingTransaction|lendingProductList|lendingProduct|qualifiedMortgageInput|requiredAdherenceType,Optional,0 to 1,requiredAdherenceType,Text,String,0 to S,Indicates whether loan must adhere to Federal Qualified Mortgage Standards.05/16/2013~CLarson~CORE R4.13,"if requiredAdherenceType <> """"
compute GTF_SEQ_NUM = GTF_SEQ_NUM + 1
move GTF_SEQ_NUM to SEQ_NUM
endif",
          HULA_TRAN_ID,Required,1 to 1,HULA_TRAN_ID,Text,String,0 to S,,,determineQualifiedMortgage|determineQualifiedMortgage|lendingTransactionList|lendingTransaction|lendingProductList|lendingProduct|lendingProductType,Optional,0 to 1,lendingProductType,Text,String,0 to S,The base financial feature offered to customers as a means to achieve their financial needs. This includes borrowing funds with specific terms and repayment plans (loans) and opens lines of credit (lines) to serve customer's financial needs.,"if requiredAdherenceType <> """"
   IF [GTF_TransactionId] <> 'XX'
      MOVE [GTF_TransactionId] to HULA_TRAN_ID
   ENDIF
ENDIF",
,,,,,,,,,determineQualifiedMortgage|determineQualifiedMortgage|lendingTransactionList|lendingTransaction|lendingProductList|lendingProduct|qualifiedMortgageInput|requiredAdherenceType,Optional,0 to 1,requiredAdherenceType,Text,String,0 to S,Indicates whether loan must adhere to Federal Qualified Mortgage Standards.05/16/2013~CLarson~CORE R4.13,,
          QM_CREATED_DATE_TIME,Required,1 to 1,QM_CREATED_DATE_TIME,Text,String,0 to S,,,determineQualifiedMortgage|determineQualifiedMortgage|lendingTransactionList|lendingTransaction|lendingProductList|lendingProduct|lendingProductType,Optional,0 to 1,lendingProductType,Text,String,0 to S,The base financial feature offered to customers as a means to achieve their financial needs. This includes borrowing funds with specific terms and repayment plans (loans) and opens lines of credit (lines) to serve customer's financial needs.,"if requiredAdherenceType <> """"
   IF [GTF_QM_CREATED_DATE_TIME] <> 'XX'
extract GTF_QM_CREATED_DATE_TIME at 1 for 10 characters to temp_date
extract GTF_QM_CREATED_DATE_TIME at 11 for 9 characters to temp_time
append temp_time to temp_date
move temp_date to QM_CREATED_DATE_TIME

        ENDIF
ENDIF",
,,,,,,,,,determineQualifiedMortgage|determineQualifiedMortgage|lendingTransactionList|lendingTransaction|lendingProductList|lendingProduct|qualifiedMortgageInput|requiredAdherenceType,Optional,0 to 1,requiredAdherenceType,Text,String,0 to S,Indicates whether loan must adhere to Federal Qualified Mortgage Standards.05/16/2013~CLarson~CORE R4.13,,
          LENDING_PRODUCT_TYPE,Required,1 to 1,LENDING_PRODUCT_TYPE,Text,String,0 to S,,,determineQualifiedMortgage|determineQualifiedMortgage|lendingTransactionList|lendingTransaction|lendingProductList|lendingProduct|qualifiedMortgageInput|requiredAdherenceType,Optional,0 to 1,requiredAdherenceType,Text,String,0 to S,Indicates whether loan must adhere to Federal Qualified Mortgage Standards.05/16/2013~CLarson~CORE R4.13,"if requiredAdherenceType <> """"
  if lendingProductType = 'MortgageLoan' 
  move 'InstallmentLoan' to LENDING_PRODUCT_TYPE
  elseif lendingProductType = 'EquityLoan'
  move 'LineOfCredit' to LENDING_PRODUCT_TYPE
  elseif lendingProductType = 'EquityLineOfCredit' 
    move 'LineOfCredit' to LENDING_PRODUCT_TYPE
  else
   move lendingProductType to LENDING_PRODUCT_TYPE
endif
endif",
,,,,,,,,,determineQualifiedMortgage|determineQualifiedMortgage|lendingTransactionList|lendingTransaction|lendingProductList|lendingProduct|lendingProductType,Optional,0 to 1,lendingProductType,Text,String,0 to S,The base financial feature offered to customers as a means to achieve their financial needs. This includes borrowing funds with specific terms and repayment plans (loans) and opens lines of credit (lines) to serve customer's financial needs.,,
          LOAN_NUMBER,Required,1 to 1,LOAN_NUMBER,Text,String,0 to S,,,determineQualifiedMortgage|determineQualifiedMortgage|lendingTransactionList|lendingTransaction|lendingProductList|lendingProduct|qualifiedMortgageInput|requiredAdherenceType,Optional,0 to 1,requiredAdherenceType,Text,String,0 to S,Indicates whether loan must adhere to Federal Qualified Mortgage Standards.05/16/2013~CLarson~CORE R4.13,"IF [determineQualifiedMortgage|determineQualifiedMortgage|lendingTransactionList|lendingTransaction|lendingProductList|lendingProduct|qualifiedMortgageInput|requiredAdherenceType] <> """"
if lenderCaseId exists
   move lenderCaseId to LOAN_NUMBER
elseif financeHierarchyLevel1Type = 'INSTITUTIONAL_LENDING'
      if   GTF_LoanNumber <> """"
          move 'C' to GTF_C
         Append  GTF_LoanNumber to GTF_C
           move GTF_C to LOAN_NUMBER
      elseif GTF_LoanNumber = """"
            move   'CORRSPNDNT' to LOAN_NUMBER
       endif
ENDIF
endif",
,,,,,,,,,determineQualifiedMortgage|determineQualifiedMortgage|lendingTransactionList|lendingTransaction|lendingProductList|lendingProduct|financeHierarchyLevel1Type,Optional,0 to 1,financeHierarchyLevel1Type,Text,String,0 to S,Subcategory of Level 0 used for management reporting. Source: Business_Hier_Data Element-Final Draft1.docDP Boarding~RM~03/22/07,,
,,,,,,,,,determineQualifiedMortgage|determineQualifiedMortgage|lendingTransactionList|lendingTransaction|lendingProductList|lendingProduct|lenderCaseId,Optional,0 to 1,lenderCaseId,Text,String,0 to S,"Number used by the Lender to identify a loan. Collected on the ""Universal Real Estate Loan Application"" (URLA) in Section I (Lender Case Number).",,
          AMORT_TYPE,Required,1 to 1,AMORT_TYPE,Text,String,0 to S,,,determineQualifiedMortgage|determineQualifiedMortgage|lendingTransactionList|lendingTransaction|lendingProductList|lendingProduct|features|repaymentType,Optional,0 to 1,repaymentType,Text,String,0 to S,Indicates on what schedule the principal amount borrowed is scheduled to be repaid over the term of the financial agreement.,"if requiredAdherenceType <> """"
move repaymentType to AMORT_TYPE
endif",
,,,,,,,,,determineQualifiedMortgage|determineQualifiedMortgage|lendingTransactionList|lendingTransaction|lendingProductList|lendingProduct|qualifiedMortgageInput|requiredAdherenceType,Optional,0 to 1,requiredAdherenceType,Text,String,0 to S,Indicates whether loan must adhere to Federal Qualified Mortgage Standards.05/16/2013~CLarson~CORE R4.13,,
          LIEN_PRIORITY_TYPE,Required,1 to 1,LIEN_PRIORITY_TYPE,Text,String,0 to S,,,determineQualifiedMortgage|determineQualifiedMortgage|lendingTransactionList|lendingTransaction|lendingProductList|lendingProduct|features|lienPriority,Optional,0 to 1,lienPriority,Number,Short                     -32768 to 327673,0 to S,The order of precedence of liens against property or assets. Priority is usually established by filing or recording liens but may be established by statute or agreement.,"if requiredAdherenceType <> """"
move lienPriority to LIEN_PRIORITY_TYPE
endif",
,,,,,,,,,determineQualifiedMortgage|determineQualifiedMortgage|lendingTransactionList|lendingTransaction|lendingProductList|lendingProduct|qualifiedMortgageInput|requiredAdherenceType,Optional,0 to 1,requiredAdherenceType,Text,String,0 to S,Indicates whether loan must adhere to Federal Qualified Mortgage Standards.05/16/2013~CLarson~CORE R4.13,,
          LOAN_TERM,Required,1 to 1,LOAN_TERM,Text,String,0 to S,,,determineQualifiedMortgage|determineQualifiedMortgage|lendingTransactionList|lendingTransaction|lendingProductList|lendingProduct|features|amortizationTerm,Optional,0 to 1,amortizationTerm,Number,Short                     -32768 to 327673,0 to S,The number of months used in the calculation of the periodic amortizing payment.,"if requiredAdherenceType <> """"
move amortizationTerm to LOAN_TERM
endif",
,,,,,,,,,determineQualifiedMortgage|determineQualifiedMortgage|lendingTransactionList|lendingTransaction|lendingProductList|lendingProduct|qualifiedMortgageInput|requiredAdherenceType,Optional,0 to 1,requiredAdherenceType,Text,String,0 to S,Indicates whether loan must adhere to Federal Qualified Mortgage Standards.05/16/2013~CLarson~CORE R4.13,,
          MATURITY_TERM,Required,1 to 1,MATURITY_TERM,Text,String,0 to S,,,determineQualifiedMortgage|determineQualifiedMortgage|lendingTransactionList|lendingTransaction|lendingProductList|lendingProduct|features|maturityTerm,Optional,0 to 1,maturityTerm,Number,Short                     -32768 to 327673,0 to S,"1.  Number of periodic payment until loan matures, financial agreement expires and the promisary note is terminated. This is the original, non-changing term of the loan.  2.  Scheduled number of months over which the balloon loan must be repaid.","if requiredAdherenceType <> """"
move maturityTerm to MATURITY_TERM
endif",
,,,,,,,,,determineQualifiedMortgage|determineQualifiedMortgage|lendingTransactionList|lendingTransaction|lendingProductList|lendingProduct|qualifiedMortgageInput|requiredAdherenceType,Optional,0 to 1,requiredAdherenceType,Text,String,0 to S,Indicates whether loan must adhere to Federal Qualified Mortgage Standards.05/16/2013~CLarson~CORE R4.13,,
          REFI_DOC_TYPE,Required,1 to 1,REFI_DOC_TYPE,Text,String,0 to S,,,determineQualifiedMortgage|determineQualifiedMortgage|lendingTransactionList|lendingTransaction|lendingProductList|lendingProduct|features|refinanceDocumentationType,Optional,0 to 1,refinanceDocumentationType,Text,String,0 to S,Indicates the amount of documentation for no cash out refinance loans,"if requiredAdherenceType <> """"
move refinanceDocumentationType to REFI_DOC_TYPE
endif",
,,,,,,,,,determineQualifiedMortgage|determineQualifiedMortgage|lendingTransactionList|lendingTransaction|lendingProductList|lendingProduct|qualifiedMortgageInput|requiredAdherenceType,Optional,0 to 1,requiredAdherenceType,Text,String,0 to S,Indicates whether loan must adhere to Federal Qualified Mortgage Standards.05/16/2013~CLarson~CORE R4.13,,
          RATE_TYPE,Required,1 to 1,RATE_TYPE,Text,String,0 to S,,,determineQualifiedMortgage|determineQualifiedMortgage|lendingTransactionList|lendingTransaction|lendingProductList|lendingProduct|features|rateType,Optional,0 to 1,rateType,Text,String,0 to S,Describes the cash flows associated with the loan.,"if requiredAdherenceType <> """"
move rateType to RATE_TYPE
endif",
,,,,,,,,,determineQualifiedMortgage|determineQualifiedMortgage|lendingTransactionList|lendingTransaction|lendingProductList|lendingProduct|qualifiedMortgageInput|requiredAdherenceType,Optional,0 to 1,requiredAdherenceType,Text,String,0 to S,Indicates whether loan must adhere to Federal Qualified Mortgage Standards.05/16/2013~CLarson~CORE R4.13,,
          SELCT_PROG_DEFINITION_NAME,Required,1 to 1,SELCT_PROG_DEFINITION_NAME,Text,String,0 to S,,,determineQualifiedMortgage|determineQualifiedMortgage|lendingTransactionList|lendingTransaction|lendingProductList|lendingProduct|features|selectedProgramList|selectedProgram|definitionName,Optional,0 to 1,definitionName,Text,String,0 to S,Name of program when program is part of the program architecture as defined by business.Schilak~02/25/2011~CORE R2.11,"if requiredAdherenceType <> """"
move definitionName to SELCT_PROG_DEFINITION_NAME
endif",
,,,,,,,,,determineQualifiedMortgage|determineQualifiedMortgage|lendingTransactionList|lendingTransaction|lendingProductList|lendingProduct|qualifiedMortgageInput|requiredAdherenceType,Optional,0 to 1,requiredAdherenceType,Text,String,0 to S,Indicates whether loan must adhere to Federal Qualified Mortgage Standards.05/16/2013~CLarson~CORE R4.13,,
          RISK_CLASS,Required,1 to 1,RISK_CLASS,Text,String,0 to S,,,determineQualifiedMortgage|determineQualifiedMortgage|lendingTransactionList|lendingTransaction|lendingProductList|lendingProduct|decisionResults|hybridizedCreditRiskClass,Optional,0 to 1,hybridizedCreditRiskClass,Text,String,0 to S,TBD,"if requiredAdherenceType <> """"
move hybridizedCreditRiskClass to RISK_CLASS
endif",
,,,,,,,,,determineQualifiedMortgage|determineQualifiedMortgage|lendingTransactionList|lendingTransaction|lendingProductList|lendingProduct|qualifiedMortgageInput|requiredAdherenceType,Optional,0 to 1,requiredAdherenceType,Text,String,0 to S,Indicates whether loan must adhere to Federal Qualified Mortgage Standards.05/16/2013~CLarson~CORE R4.13,,
          DEAL_RISK_CATEGORY,Required,1 to 1,DEAL_RISK_CATEGORY,Text,String,0 to S,,,determineQualifiedMortgage|determineQualifiedMortgage|lendingTransactionList|lendingTransaction|lendingProductList|lendingProduct|decisionResults|dealRiskCategory,Optional,0 to 1,dealRiskCategory,Text,String,0 to S,Category used for application of policies.  Additional values will be added in the future,"if requiredAdherenceType <> """"
move dealRiskCategory to DEAL_RISK_CATEGORY
endif",
,,,,,,,,,determineQualifiedMortgage|determineQualifiedMortgage|lendingTransactionList|lendingTransaction|lendingProductList|lendingProduct|qualifiedMortgageInput|requiredAdherenceType,Optional,0 to 1,requiredAdherenceType,Text,String,0 to S,Indicates whether loan must adhere to Federal Qualified Mortgage Standards.05/16/2013~CLarson~CORE R4.13,,
          TS_OPINION_ELIG_IND,Required,1 to 1,TS_OPINION_ELIG_IND,Text,String,0 to S,,,determineQualifiedMortgage|determineQualifiedMortgage|lendingTransactionList|lendingTransaction|lendingProductList|lendingProduct|decisionResults|TSOpinionEligibleIndicator,Optional,0 to 1,TSOpinionEligibleIndicator,Boolean,Boolean,0 to S,This field is used to identify loans that are eligible for Total Scorecard Decisioning05/25/2010~McGee~CORE_3.10,"if requiredAdherenceType <> """"
move TSOpinionEligibleIndicator to TS_OPINION_ELIG_IND
endif",
,,,,,,,,,determineQualifiedMortgage|determineQualifiedMortgage|lendingTransactionList|lendingTransaction|lendingProductList|lendingProduct|qualifiedMortgageInput|requiredAdherenceType,Optional,0 to 1,requiredAdherenceType,Text,String,0 to S,Indicates whether loan must adhere to Federal Qualified Mortgage Standards.05/16/2013~CLarson~CORE R4.13,,
          RATE_LOCK_DATE,Required,1 to 1,RATE_LOCK_DATE,Text,String,0 to S,,,determineQualifiedMortgage|determineQualifiedMortgage|lendingTransactionList|lendingTransaction|lendingProductList|lendingProduct|selectedPriceQuote|lockInDateTime,Optional,0 to 1,lockInDateTime,DateTime,YYYY-MM-DDThh:mm:ss[.sss][-hh:mm]  2003-06-15T13:20:00.000-05:00,0 to S,Date the rate was locked in or price protected,"if requiredAdherenceType <> """"

extract lockInDateTime at 1 for 4 characters to temp_date
extract lockInDateTime at 6 for 2 characters to temp_month
extract lockInDateTime at 9 for 2 characters to temp_day
append temp_month to temp_date
append temp_day to temp_date
move temp_date to RATE_LOCK_DATE



endif",
,,,,,,,,,determineQualifiedMortgage|determineQualifiedMortgage|lendingTransactionList|lendingTransaction|lendingProductList|lendingProduct|qualifiedMortgageInput|requiredAdherenceType,Optional,0 to 1,requiredAdherenceType,Text,String,0 to S,Indicates whether loan must adhere to Federal Qualified Mortgage Standards.05/16/2013~CLarson~CORE R4.13,,
          FINANCE_HIERARCH_LEVEL_1,Required,1 to 1,FINANCE_HIERARCH_LEVEL_1,Text,String,0 to S,,,determineQualifiedMortgage|determineQualifiedMortgage|lendingTransactionList|lendingTransaction|lendingProductList|lendingProduct|financeHierarchyLevel1Type,Optional,0 to 1,financeHierarchyLevel1Type,Text,String,0 to S,Subcategory of Level 0 used for management reporting. Source: Business_Hier_Data Element-Final Draft1.docDP Boarding~RM~03/22/07,"if requiredAdherenceType <> """"
move financeHierarchyLevel1Type to FINANCE_HIERARCH_LEVEL_1
endif",
,,,,,,,,,determineQualifiedMortgage|determineQualifiedMortgage|lendingTransactionList|lendingTransaction|lendingProductList|lendingProduct|qualifiedMortgageInput|requiredAdherenceType,Optional,0 to 1,requiredAdherenceType,Text,String,0 to S,Indicates whether loan must adhere to Federal Qualified Mortgage Standards.05/16/2013~CLarson~CORE R4.13,,
          FINANCE_HIERARCH_LEVEL_2,Required,1 to 1,FINANCE_HIERARCH_LEVEL_2,Text,String,0 to S,,,determineQualifiedMortgage|determineQualifiedMortgage|lendingTransactionList|lendingTransaction|lendingProductList|lendingProduct|financeHierarchyLevel2Type,Optional,0 to 1,financeHierarchyLevel2Type,Text,String,0 to S,Subcategory of Level  1 used for management reporting. Source: Business_Hier_Data Element-Final Draft1.docDP Boarding~RM~03/22/07,"if requiredAdherenceType <> """"
move financeHierarchyLevel2Type to FINANCE_HIERARCH_LEVEL_2
endif",
,,,,,,,,,determineQualifiedMortgage|determineQualifiedMortgage|lendingTransactionList|lendingTransaction|lendingProductList|lendingProduct|qualifiedMortgageInput|requiredAdherenceType,Optional,0 to 1,requiredAdherenceType,Text,String,0 to S,Indicates whether loan must adhere to Federal Qualified Mortgage Standards.05/16/2013~CLarson~CORE R4.13,,
          FINANCE_HIERARCH_LEVEL_3,Required,1 to 1,FINANCE_HIERARCH_LEVEL_3,Text,String,0 to S,,,determineQualifiedMortgage|determineQualifiedMortgage|lendingTransactionList|lendingTransaction|lendingProductList|lendingProduct|financeHierarchyLevel3Type,Optional,0 to 1,financeHierarchyLevel3Type,Text,String,0 to S,"Subcategory of Level 2 used for management reporting. Source: Business_Hier_Data Element-Final Draft1.doc~Possible values include: DBR, US_CONSUMER, EQUITY_DIRECTDP Boarding~RM~03/22/07","if requiredAdherenceType <> """"
move financeHierarchyLevel3Type to FINANCE_HIERARCH_LEVEL_3
endif",
,,,,,,,,,determineQualifiedMortgage|determineQualifiedMortgage|lendingTransactionList|lendingTransaction|lendingProductList|lendingProduct|qualifiedMortgageInput|requiredAdherenceType,Optional,0 to 1,requiredAdherenceType,Text,String,0 to S,Indicates whether loan must adhere to Federal Qualified Mortgage Standards.05/16/2013~CLarson~CORE R4.13,,
          FINANCE_HIERARCH_LEVEL_4,Required,1 to 1,FINANCE_HIERARCH_LEVEL_4,Text,String,0 to S,,,determineQualifiedMortgage|determineQualifiedMortgage|lendingTransactionList|lendingTransaction|lendingProductList|lendingProduct|financeHierarchyLevel4Type,Optional,0 to 1,financeHierarchyLevel4Type,Text,String,0 to S,Subcategory of Level 3 used for management reporting. Source: Business_Hier_Data Element-Final Draft1.doc~Possible values include: CMC DP Boarding~RM~03/22/07,"if requiredAdherenceType <> """"
move financeHierarchyLevel4Type to FINANCE_HIERARCH_LEVEL_4
endif",
,,,,,,,,,determineQualifiedMortgage|determineQualifiedMortgage|lendingTransactionList|lendingTransaction|lendingProductList|lendingProduct|qualifiedMortgageInput|requiredAdherenceType,Optional,0 to 1,requiredAdherenceType,Text,String,0 to S,Indicates whether loan must adhere to Federal Qualified Mortgage Standards.05/16/2013~CLarson~CORE R4.13,,
          NOTIFICATION_START_DATE_TIME,Required,1 to 1,NOTIFICATION_START_DATE_TIME,Text,String,0 to S,,,determineQualifiedMortgage|determineQualifiedMortgage|lendingTransactionList|lendingTransaction|lendingProductList|lendingProduct|notificationStartDateTime,Optional,0 to 1,notificationStartDateTime,DateTime,YYYY-MM-DDThh:mm:ss[.sss][-hh:mm]  2003-06-15T13:20:00.000-05:00,0 to S,The notification start date (NSD) is the beginning date used to count: The three business days when initial federal and state disclosures are due to the borrower The 30 calendar days when notification of a decision is due to the borrower.CORE Customer Facing GSLD to EO Service. CR 1187.,"if requiredAdherenceType <> """"
extract notificationStartDateTime at 1 for 10 characters to temp_date
extract notificationStartDateTime at 11 for 9 characters to temp_time
append temp_time to temp_date
move temp_date to NOTIFICATION_START_DATE_TIME
ENDIF",
,,,,,,,,,determineQualifiedMortgage|determineQualifiedMortgage|lendingTransactionList|lendingTransaction|lendingProductList|lendingProduct|qualifiedMortgageInput|requiredAdherenceType,Optional,0 to 1,requiredAdherenceType,Text,String,0 to S,Indicates whether loan must adhere to Federal Qualified Mortgage Standards.05/16/2013~CLarson~CORE R4.13,,
          DECISION_DATE,Required,1 to 1,DECISION_DATE,Text,String,0 to S,,,determineQualifiedMortgage|determineQualifiedMortgage|lendingTransactionList|lendingTransaction|transactionDetail|transactionDecisionResults|decisionDate,Optional,0 to 1,decisionDate,DateTime,YYYY-MM-DDThh:mm:ss[.sss][-hh:mm]  2003-06-15T13:20:00.000-05:00,0 to S,"The date the decision was made on the ""application.""","if requiredAdherenceType <> """"
move decisionDate to DECISION_DATE
endif",
,,,,,,,,,determineQualifiedMortgage|determineQualifiedMortgage|lendingTransactionList|lendingTransaction|lendingProductList|lendingProduct|qualifiedMortgageInput|requiredAdherenceType,Optional,0 to 1,requiredAdherenceType,Text,String,0 to S,Indicates whether loan must adhere to Federal Qualified Mortgage Standards.05/16/2013~CLarson~CORE R4.13,,
          DECISION_REGION,Required,1 to 1,DECISION_REGION,Text,String,0 to S,,,determineQualifiedMortgage|determineQualifiedMortgage|lendingTransactionList|lendingTransaction|lendingProductList|lendingProduct|qualifiedMortgageInput|requiredAdherenceType,Optional,0 to 1,requiredAdherenceType,Text,String,0 to S,Indicates whether loan must adhere to Federal Qualified Mortgage Standards.05/16/2013~CLarson~CORE R4.13,"if requiredAdherenceType <> """"
move systemRegionCode to DECISION_REGION
endif",
,,,,,,,,,determineQualifiedMortgage|determineQualifiedMortgage|lendingTransactionList|lendingTransaction|transactionDetail|workingTransactionDetail|systemRegionCode,Optional,0 to 1,systemRegionCode,Text,String,0 to S,Indicates which system region the service request should be routed to,,
          MINDOC_REQ_IND,Required,1 to 1,MINDOC_REQ_IND,Text,String,0 to S,,,determineQualifiedMortgage|determineQualifiedMortgage|lendingTransactionList|lendingTransaction|lendingProductList|lendingProduct|qualifiedMortgageInput|requiredAdherenceType,Optional,0 to 1,requiredAdherenceType,Text,String,0 to S,Indicates whether loan must adhere to Federal Qualified Mortgage Standards.05/16/2013~CLarson~CORE R4.13,"if requiredAdherenceType <> """"
move minimumDocumentationRequired to MINDOC_REQ_IND
endif",
,,,,,,,,,determineQualifiedMortgage|determineQualifiedMortgage|lendingTransactionList|lendingTransaction|transactionDetail|transactionDecisionResults|minimumDocumentationRequired,Optional,0 to 1,minimumDocumentationRequired,Text,String,0 to S,Minimum Documentation Level when a Simultaneous Close exist. The Min Doc Level for 1st and 2nd are reviewed and determined which one to use.,,
          TOTAL_DEBT_RATIO,Required,1 to 1,TOTAL_DEBT_RATIO,Text,String,0 to S,,,determineQualifiedMortgage|determineQualifiedMortgage|lendingTransactionList|lendingTransaction|lendingProductList|lendingProduct|qualifiedMortgageInput|requiredAdherenceType,Optional,0 to 1,requiredAdherenceType,Text,String,0 to S,Indicates whether loan must adhere to Federal Qualified Mortgage Standards.05/16/2013~CLarson~CORE R4.13,"if requiredAdherenceType <> """"
move debtIncomeRatio to TOTAL_DEBT_RATIO
endif",
,,,,,,,,,determineQualifiedMortgage|determineQualifiedMortgage|lendingTransactionList|lendingTransaction|transactionDetail|transactionSummary|debtIncomeRatio,Optional,0 to 1,debtIncomeRatio,Number,Double                    -4.94065645841246544e-324 to 1.79769313486231570e+308,0 to S,The calculated Debt Ratio is the Total Debt divided by Total Monthly Income.,,
          SERVICES_BUSINESS_LINE,Required,1 to 1,SERVICES_BUSINESS_LINE,Text,String,0 to S,,,determineQualifiedMortgage|determineQualifiedMortgage|lendingTransactionList|lendingTransaction|lendingProductList|lendingProduct|qualifiedMortgageInput|requiredAdherenceType,Optional,0 to 1,requiredAdherenceType,Text,String,0 to S,Indicates whether loan must adhere to Federal Qualified Mortgage Standards.05/16/2013~CLarson~CORE R4.13,"if requiredAdherenceType <> """"
move businessLineType to SERVICES_BUSINESS_LINE
endif",
,,,,,,,,,determineQualifiedMortgage|determineQualifiedMortgage|lendingTransactionList|lendingTransaction|transactionDetail|workingTransactionDetail|businessLineType,Optional,0 to 1,businessLineType,Text,String,0 to S,Identifies finance hierarchy of level 1 and subcategory of finance hierarchy Level 0 used for management reportingSchilak~02/16/2011~CORE R2.11,,
          SERVICES_BUSINESS_CHANNEL,Required,1 to 1,SERVICES_BUSINESS_CHANNEL,Text,String,0 to S,,,determineQualifiedMortgage|determineQualifiedMortgage|lendingTransactionList|lendingTransaction|lendingProductList|lendingProduct|qualifiedMortgageInput|requiredAdherenceType,Optional,0 to 1,requiredAdherenceType,Text,String,0 to S,Indicates whether loan must adhere to Federal Qualified Mortgage Standards.05/16/2013~CLarson~CORE R4.13,"if requiredAdherenceType <> """"
move businessLineStructureType to SERVICES_BUSINESS_CHANNEL
endif",
,,,,,,,,,determineQualifiedMortgage|determineQualifiedMortgage|lendingTransactionList|lendingTransaction|transactionDetail|workingTransactionDetail|businessLineStructureType,Optional,0 to 1,businessLineStructureType,Text,String,0 to S,Identifies finance hierarchy of level 2 and subcategory of finance hierarchy Level 1 used for management reporting,,
          APPL_SIGNED_DATE,Required,1 to 1,APPL_SIGNED_DATE,Text,String,0 to S,,,determineQualifiedMortgage|determineQualifiedMortgage|lendingTransactionList|lendingTransaction|lendingProductList|lendingProduct|qualifiedMortgageInput|requiredAdherenceType,Optional,0 to 1,requiredAdherenceType,Text,String,0 to S,Indicates whether loan must adhere to Federal Qualified Mortgage Standards.05/16/2013~CLarson~CORE R4.13,"if requiredAdherenceType <> """"

extract applicationSignedDate at 1 for 4 characters to temp_date
extract applicationSignedDate at 6 for 2 characters to temp_month
extract applicationSignedDate at 9 for 2 characters to temp_day
append temp_month to temp_date
append temp_day to temp_date
move temp_date to APPL_SIGNED_DATE

endif",
,,,,,,,,,determineQualifiedMortgage|determineQualifiedMortgage|lendingTransactionList|lendingTransaction|transactionDetail|applicationSignedDate,Optional,0 to 1,applicationSignedDate,Date,YYYY-MM-DD[-hh:mm]   2003-06-15-05:00,0 to S,"Date the borrower or interviewer signed the loan application, or when the application is taken systematically, the date the application officially starts based on compliance guidelines.",,
          ORIGINATION_SYSTEM,Required,1 to 1,ORIGINATION_SYSTEM,Text,String,0 to S,,,determineQualifiedMortgage|determineQualifiedMortgage|servicePreferences|requestingSystemCode,Optional,0 to 1,requestingSystemCode,Text,String,0 to S,System originating the request.  May be different from invokerId in envelope.,"if requiredAdherenceType <> """"
  if requestingSystemCode  = 'GRD'
    move 'CORE' to ORIGINATION_SYSTEM
  else 
   move requestingSystemCode to ORIGINATION_SYSTEM
endif
endif",
,,,,,,,,,determineQualifiedMortgage|determineQualifiedMortgage|lendingTransactionList|lendingTransaction|lendingProductList|lendingProduct|qualifiedMortgageInput|requiredAdherenceType,Optional,0 to 1,requiredAdherenceType,Text,String,0 to S,Indicates whether loan must adhere to Federal Qualified Mortgage Standards.05/16/2013~CLarson~CORE R4.13,,
          MILESTONE_TYPE,Required,1 to 1,MILESTONE_TYPE,Text,String,0 to S,,,determineQualifiedMortgage|determineQualifiedMortgage|lendingTransactionList|lendingTransaction|transactionDetail|milestoneList|milestone|milestoneType,Optional,0 to 1,milestoneType,Text,String,0 to S,Type of Milestones,"if requiredAdherenceType <> """"
move milestoneType to MILESTONE_TYPE
endif",
,,,,,,,,,determineQualifiedMortgage|determineQualifiedMortgage|lendingTransactionList|lendingTransaction|lendingProductList|lendingProduct|qualifiedMortgageInput|requiredAdherenceType,Optional,0 to 1,requiredAdherenceType,Text,String,0 to S,Indicates whether loan must adhere to Federal Qualified Mortgage Standards.05/16/2013~CLarson~CORE R4.13,,
          MILESTONE_DATE,Required,1 to 1,MILESTONE_DATE,Text,String,0 to S,,,determineQualifiedMortgage|determineQualifiedMortgage|lendingTransactionList|lendingTransaction|transactionDetail|milestoneList|milestone|milestoneDate,Optional,0 to 1,milestoneDate,Date,YYYY-MM-DD[-hh:mm]   2003-06-15-05:00,0 to S,Date of Milestones,"if requiredAdherenceType <> """"
replace characters ""Z"" with """" in milestoneDate to LTF_date
move LTF_date to MILESTONE_DATE
endif",
,,,,,,,,,determineQualifiedMortgage|determineQualifiedMortgage|lendingTransactionList|lendingTransaction|lendingProductList|lendingProduct|qualifiedMortgageInput|requiredAdherenceType,Optional,0 to 1,requiredAdherenceType,Text,String,0 to S,Indicates whether loan must adhere to Federal Qualified Mortgage Standards.05/16/2013~CLarson~CORE R4.13,,
          QM_REQ_OVERRIDE_IND,Required,1 to 1,QM_REQ_OVERRIDE_IND,Text,String,0 to S,,,determineQualifiedMortgage|determineQualifiedMortgage|lendingTransactionList|lendingTransaction|lendingProductList|lendingProduct|QMResidualIncomeEvaluationRequiredOverrideIndicator,Optional,0 to 1,QMResidualIncomeEvaluationRequiredOverrideIndicator,Boolean,Boolean,0 to S,Indicates if the system is permitted to override the required residual income evaluation.CLarson~12/19/2013~CORE 1.14,"if requiredAdherenceType <> """"
move QMResidualIncomeEvaluationRequiredOverrideIndicator to QM_REQ_OVERRIDE_IND
endif",
,,,,,,,,,determineQualifiedMortgage|determineQualifiedMortgage|lendingTransactionList|lendingTransaction|lendingProductList|lendingProduct|qualifiedMortgageInput|requiredAdherenceType,Optional,0 to 1,requiredAdherenceType,Text,String,0 to S,Indicates whether loan must adhere to Federal Qualified Mortgage Standards.05/16/2013~CLarson~CORE R4.13,,
          QM_RES_INC_EVAL_REQ_IND,Required,1 to 1,QM_RES_INC_EVAL_REQ_IND,Text,String,0 to S,,,determineQualifiedMortgage|determineQualifiedMortgage|lendingTransactionList|lendingTransaction|lendingProductList|lendingProduct|QMResidualIncomeEvaluationRequiredIndicator,Optional,0 to 1,QMResidualIncomeEvaluationRequiredIndicator,Boolean,Boolean,0 to S,Indicates if the system is required to complete the residual income evaluation.CLarson~08/22/2013~RED R4.13,"if requiredAdherenceType <> """"
move QMResidualIncomeEvaluationRequiredIndicator to QM_RES_INC_EVAL_REQ_IND
endif",
,,,,,,,,,determineQualifiedMortgage|determineQualifiedMortgage|lendingTransactionList|lendingTransaction|lendingProductList|lendingProduct|qualifiedMortgageInput|requiredAdherenceType,Optional,0 to 1,requiredAdherenceType,Text,String,0 to S,Indicates whether loan must adhere to Federal Qualified Mortgage Standards.05/16/2013~CLarson~CORE R4.13,,
          MAN_OVERRIDE_COMP_STATUS,Required,1 to 1,MAN_OVERRIDE_COMP_STATUS,Text,String,0 to S,,,determineQualifiedMortgageResponse|determineQualifiedMortgageResponse|info|lendingTransactionList|lendingTransaction|lendingProductList|lendingProduct|qualifiedMortgageResults|manualOverrideComplianceStatusType,Optional,0 to 1,manualOverrideComplianceStatusType,Text,String,0 to S,A manually overriden indication of whether a loan must adhere to Federal Qualified Mortgage Standards12/20/2013~CLarson~CORE R1.14,"if requiredAdherenceType <> """"
move manualOverrideComplianceStatusType to MAN_OVERRIDE_COMP_STATUS
endif",
,,,,,,,,,determineQualifiedMortgage|determineQualifiedMortgage|lendingTransactionList|lendingTransaction|lendingProductList|lendingProduct|qualifiedMortgageInput|requiredAdherenceType,Optional,0 to 1,requiredAdherenceType,Text,String,0 to S,Indicates whether loan must adhere to Federal Qualified Mortgage Standards.05/16/2013~CLarson~CORE R4.13,,
          SYSTEM_OVERRIDE_COMP_STATUS,Required,1 to 1,SYSTEM_OVERRIDE_COMP_STATUS,Text,String,0 to S,,,determineQualifiedMortgageResponse|determineQualifiedMortgageResponse|info|lendingTransactionList|lendingTransaction|lendingProductList|lendingProduct|qualifiedMortgageResults|systemOverrideComplianceStatusType,Optional,0 to 1,systemOverrideComplianceStatusType,Text,String,0 to S,A systemattically overriden indication of whether a loan must adhere to Federal Qualified Mortgage Standards12/20/2013~CLarson~CORE R1.14,"if requiredAdherenceType <> """"
move systemOverrideComplianceStatusType to SYSTEM_OVERRIDE_COMP_STATUS
endif",
,,,,,,,,,determineQualifiedMortgage|determineQualifiedMortgage|lendingTransactionList|lendingTransaction|lendingProductList|lendingProduct|qualifiedMortgageInput|requiredAdherenceType,Optional,0 to 1,requiredAdherenceType,Text,String,0 to S,Indicates whether loan must adhere to Federal Qualified Mortgage Standards.05/16/2013~CLarson~CORE R4.13,,
          EXIT_STRATEGY,Required,1 to 1,EXIT_STRATEGY,Text,String,0 to S,,,determineQualifiedMortgage|determineQualifiedMortgage|lendingTransactionList|lendingTransaction|lendingProductList|lendingProduct|exitStrategyType,Optional,0 to 1,exitStrategyType,Text,String,0 to S,Used to identify where the company will deliver the loan.,"if requiredAdherenceType <> """"
move exitStrategyType to EXIT_STRATEGY
endif",
,,,,,,,,,determineQualifiedMortgage|determineQualifiedMortgage|lendingTransactionList|lendingTransaction|lendingProductList|lendingProduct|qualifiedMortgageInput|requiredAdherenceType,Optional,0 to 1,requiredAdherenceType,Text,String,0 to S,Indicates whether loan must adhere to Federal Qualified Mortgage Standards.05/16/2013~CLarson~CORE R4.13,,
          FHA_CASE_NBR_ASSGN_DATE,Required,1 to 1,FHA_CASE_NBR_ASSGN_DATE,Text,String,0 to S,,,determineQualifiedMortgage|determineQualifiedMortgage|lendingTransactionList|lendingTransaction|lendingProductList|lendingProduct|qualifiedMortgageInput|requiredAdherenceType,Optional,0 to 1,requiredAdherenceType,Text,String,0 to S,Indicates whether loan must adhere to Federal Qualified Mortgage Standards.05/16/2013~CLarson~CORE R4.13,"if requiredAdherenceType <> """"

extract agencyCaseIdAssignmentDate at 1 for 4 characters to temp_date
extract agencyCaseIdAssignmentDate at 6 for 2 characters to temp_month
extract agencyCaseIdAssignmentDate at 9 for 2 characters to temp_day
append temp_month to temp_date
append temp_day to temp_date
move temp_date to FHA_CASE_NBR_ASSGN_DATE

endif",
,,,,,,,,,determineQualifiedMortgage|determineQualifiedMortgage|lendingTransactionList|lendingTransaction|lendingProductList|lendingProduct|agencyCaseIdAssignmentDate,Optional,0 to 1,agencyCaseIdAssignmentDate,Date,YYYY-MM-DD[-hh:mm]   2003-06-15-05:00,0 to S,The date when FHA-assigned the case number for FHA loans or VA-assigned case number for VA loans. The number is used by the FHA or VA to identify a loan. Collected on the URLA in Section I (Type Of Mortgage And Terms Of Loan).CORE FHA~RMcGee~10022008,,
          ORIGINATOR_ID,Required,1 to 1,ORIGINATOR_ID,Text,String,0 to S,,,determineQualifiedMortgage|determineQualifiedMortgage|lendingTransactionList|lendingTransaction|lendingProductList|lendingProduct|qualifiedMortgageInput|requiredAdherenceType,Optional,0 to 1,requiredAdherenceType,Text,String,0 to S,Indicates whether loan must adhere to Federal Qualified Mortgage Standards.05/16/2013~CLarson~CORE R4.13,"If  [requiredAdherenceType] <> """"
	If [GTF_ORIGINATOR_ID] <> 'XX'
	Move [GTF_ORIGINATOR_ID] to ORIGINATOR_ID
	EndIf
EndIf",
