<?xml version="1.0" encoding="UTF-8"?>
<vs:GraphViewSpec xmlns:vs="http://www.abinitio.com/emms/viewSpec"
                  name="DataElemLineageForDataSet">

  <!-- this viewspec is obsolete -->

  <TempObjects>
    <TempObject name="del_de">
      <Property name="DataElemID" type="ID" refObject="DataElem">
        <Column name="DataElemID" />
      </Property>
      <Property name="Depth">
        <Column name="Depth" />
      </Property>
    </TempObject>
    <TempObject name="del_tr">
      <Property name="TransformID" type="ID" refObject="Transform">
        <Column name="ExecutableID"  />
        <Column name="OutputDataElemID"  />
      </Property>
      <Property name="Executable" refObject="Executable">
        <Column name="ExecutableID"  />
      </Property>
      <Property name="OutputDataElem" refObject="DataElem">
        <Column name="OutputDataElemID"  />
      </Property>
      <Property name="Depth">
        <Column name="Depth" />
      </Property>
    </TempObject>
  </TempObjects>

  <processing description="Data element lineage for data set">
    <seed>
      <sqlStatement>
        <insert>
          <Property name="DataElemID" object="del_de"/>
          <Property name="Depth" object="del_de"/>
        </insert>
        <select>
          <Property name="DataElemID" object="DataElem"/>
          <Property value="0"/>
        </select>
        <whereClause type="EQ">
          <Property name="DataSetID" object="DataElem"/>
          <Property inputArg="objID"/>
        </whereClause>
      </sqlStatement>
    </seed>

    <walk type="backward">
      <sqlStatement description="backward walk: TR->DE">
        <insert>
          <Property name="TransformID" object="del_tr"/>
          <Property name="Depth" object="del_tr"/>
        </insert>
        <select distinct="true">
          <Property name="TransformID" object="Transform"/>
          <Property inputArg="depthNext" />
        </select>
        <joins>
          <join to="del_de" toProperty="DataElemID" from="Transform" fromProperty="OutputDataElem" />
        </joins>
        <whereClause type="EQ">
          <Property name="Depth" object="del_de"/>
          <Property inputArg="depthLast"/>
        </whereClause>
        <notExist>
          <select>
            <Property name="TransformID" object="del_tr"/>
          </select>
          <whereClause type="EQ">
              <Property name="TransformID" object="Transform"/>
              <Property name="TransformID" object="del_tr"/>
          </whereClause>
        </notExist>
      </sqlStatement>

      <sqlStatement description="backward walk: DE->TR">
        <insert>
          <Property name="DataElemID" object="del_de"/>
          <Property name="Depth" object="del_de"/>
        </insert>
        <select distinct="true">
          <Property name="InputDataElemID" object="TransformDataElem"/>
          <Property inputArg="depthNext" />
        </select>
        <joins>
          <join to="del_tr" toProperty="TransformID" from="TransformDataElem" fromProperty="Transform" />
        </joins>
        <whereClause type="EQ">
          <Property name="Depth" object="del_tr"/>
          <Property inputArg="depthNext"/>
        </whereClause>
        <notExist>
          <select>
            <Property name="DataElemID" object="del_de"/>
          </select>
          <whereClause type="EQ">
            <Property name="DataElemID" object="del_de"/>
            <Property name="InputDataElemID" object="TransformDataElem"/>
          </whereClause>
        </notExist>
      </sqlStatement>
    </walk>

    <walk type="forward">
      <sqlStatement description="forward walk: DE->TR">
        <insert>
          <Property name="TransformID" object="del_tr"/>
          <Property name="Depth" object="del_tr"/>
        </insert>
        <select distinct="true">
          <Property name="TransformID" object="Transform"/>
          <Property inputArg="depthNext" />
        </select>
        <joins>
          <join to="TransformDataElem" toProperty="Transform" from="Transform" fromProperty="TransformID" />
          <join to="del_de" toProperty="DataElemID" from="TransformDataElem" fromProperty="InputDataElem" />
        </joins>
        <whereClause type="EQ">
          <Property name="Depth" object="del_de"/>
          <Property inputArg="depthLast"/>
        </whereClause>
        <notExist>
          <select>
            <Property name="TransformID" object="del_tr"/>
          </select>
          <whereClause type="EQ">
              <Property name="TransformID" object="Transform"/>
              <Property name="TransformID" object="del_tr"/>
          </whereClause>
        </notExist>
      </sqlStatement>

      <sqlStatement description="forward walk: TR->DE">
        <insert>
          <Property name="DataElemID" object="del_de"/>
          <Property name="Depth" object="del_de"/>
        </insert>
        <select distinct="true">
          <Property name="DataElemID" object="DataElem"/>
          <Property inputArg="depthNext" />
        </select>
        <joins>
          <join to="del_tr" toProperty="OutputDataElem" from="DataElem" fromProperty="DataElemID" />
        </joins>
        <whereClause type="EQ">
          <Property name="Depth" object="del_tr"/>
          <Property inputArg="depthNext"/>
        </whereClause>
        <notExist>
          <select>
            <Property name="DataElemID" object="del_de"/>
          </select>
          <whereClause type="EQ">
            <Property name="DataElemID" object="del_de"/>
            <Property name="DataElemID" object="DataElem"/>
          </whereClause>
        </notExist>
      </sqlStatement>

    </walk>
  </processing>

  <nodes>
    <node objClass="DataElem">
      <sqlStatement>
        <select object="DataElem"/>
        <exist>
          <select>
            <Property name="DataElemID" object="del_de"/>
          </select>
          <whereClause type="EQ">
              <Property name="DataElemID" object="del_de"/>
              <Property name="DataElemID" object="DataElem"/>
          </whereClause>
        </exist>
      </sqlStatement>
    </node>
    <node objClass="Transform" idProperty="TransformID" metaObject="del_tr" label="${OutputDataElem.Name}">
      <sqlStatement>
        <select object="Transform"/>
        <exist>
          <select>
            <Property name="TransformID" object="del_tr"/>
          </select>
          <whereClause type="EQ">
              <Property name="TransformID" object="del_tr"/>
              <Property name="TransformID" object="Transform"/>
          </whereClause>
        </exist>
      </sqlStatement>
    </node>
  </nodes>

  <edges>
    <edge>
      <sqlStatement description="TR->DE">
        <select>
          <Property name="TransformID" object="del_tr"/>
          <Property name="OutputDataElem" object="del_tr" />
        </select>
      </sqlStatement>
    </edge>
    <edge>
      <sqlStatement description="DE->TR">
        <select>
          <Property name="DataElemID" object="del_de"/>
          <Property name="TransformID" object="del_tr" />
        </select>
        <joins>
          <join to="TransformDataElem" toProperty="InputDataElem" from="del_de" fromProperty="DataElemID" />
          <join to="del_tr" toProperty="TransformID" from="TransformDataElem" fromProperty="Transform" />
        </joins>
      </sqlStatement>
    </edge>

  </edges>

</vs:GraphViewSpec>
