<?xml version="1.0" encoding="UTF-8"?>
<vs:GraphViewSpec xmlns:vs="http://www.abinitio.com/emms/viewSpec"
                  name="DataSetLineage">

  <TempObjects>
    <TempObject name="de">
      <Property name="delID" type="ID" >
        <Column name="DataElemID" />
        <Column name="Direction" />
      </Property>
      <Property name="DataElemID" refObject="DataElem">
        <Column name="DataElemID" />
      </Property>
      <Property name="DataSet" refObject="DataSet">
        <Column name="DataSetID" />
      </Property>
      <Property name="Depth">
        <Column name="Depth" />
      </Property>
      <Property name="Direction">
        <Column name="Direction" />
      </Property>
    </TempObject>
    <TempObject name="tr">
      <Property name="trID" type="ID">
        <Column name="ExecutableID"  />
        <Column name="OutputDataElemID"  />
        <Column name="Direction" />
      </Property>
      <Property name="TransformID" type="ID" refObject="Transform">
        <Column name="ExecutableID"  />
        <Column name="OutputDataElemID"  />
      </Property>
      <Property name="Executable" refObject="Executable">
        <Column name="ExecutableID"  />
      </Property>
      <Property name="OutputDataElem" refObject="DataElem">
        <Column name="OutputDataElemID"  />
      </Property>
      <Property name="Depth">
        <Column name="Depth" />
      </Property>
      <Property name="Direction">
        <Column name="Direction" />
      </Property>
    </TempObject>
    <TempObject name="dsdsl">
      <Property name="DataSet" type="ID" refObject="DataSet">
        <Column name="DataSetID" />
      </Property>
      <Property name="Depth">
        <Column name="Depth" />
      </Property>
    </TempObject>
    <TempObject name="exedsl">
      <Property name="Executable" type="ID" refObject="Executable">
        <Column name="ExecutableID"  />
      </Property>
      <Property name="Depth">
        <Column name="Depth" />
      </Property>
    </TempObject>
  </TempObjects>

  <!--
  DE(-1) - TR(-1) - DE(0) - TR(1) - DE(1)
                 \/      \/
                 /\      /\
  DS(-1)- EXE(-1) - DS(0)- EXE(1) - DS(1)
  -->
  <processing description="processing DE-TR level lineage">
    <seed>
      <sqlStatement>
        <insert>
          <Property name="DataElemID" object="de"/>
          <Property name="DataSet" object="de"/>
          <Property name="Depth" object="de"/>
          <Property name="Direction" object="de"/>
        </insert>
        <select>
          <Property name="DataElemID" object="DataElem"/>
          <Property name="DataSetID" object="DataElem"/>
          <Property value="0"/>
          <Property value="1"/>
        </select>
        <whereClause type="EQ">
          <Property name="DataSetID" object="DataElem"/>
          <Property inputArg="objID"/>
        </whereClause>
      </sqlStatement>

      <sqlStatement>
        <insert>
          <Property name="DataSet" object="dsdsl"/>
          <Property name="Depth" object="dsdsl"/>
        </insert>
        <select>
          <Property name="DataSetID" object="DataSet"/>
          <Property value="0"/>
        </select>
        <whereClause type="EQ">
          <Property name="DataSetID" object="DataSet"/>
          <Property inputArg="objID"/>
        </whereClause>
      </sqlStatement>

    </seed>

    <walk type="backward">

      <sqlStatement description="backward walk: TR->DE (DE is not the part of request dataset)">
        <insert>
          <Property name="TransformID" object="tr"/>
          <Property name="Depth" object="tr"/>
          <Property name="Direction" object="tr"/>
        </insert>
        <select distinct="true">
          <Property name="TransformID" object="Transform"/>
          <Property inputArg="depthNext" />
          <Property value="-1"/>
        </select>
        <joins>
          <join to="DataElem" toProperty="DataElemID" from="Transform" fromProperty="OutputDataElem" />
          <join to="de" toProperty="DataElemID" from="DataElem" fromProperty="DataElemID" />
          <join to="DataSet" toProperty="DataSetID" from="DataElem" fromProperty="DataSetID" />
          <join type="LeftOuter" to="MessageOrInterfaceType" toProperty="MessageOrInterfaceTypeID" from="DataSet" fromProperty="MessageOrInterfaceType" />
        </joins>
        <whereClause type="AND">
          <Expression type="EQ">
            <Property name="Depth" object="de"/>
            <Property inputArg="depthLast"/>
          </Expression>
          <Expression type="OR">
            <Expression type="EQ">
              <Property name="MessageOrInterfaceTypeID" object="DataSet"/>
              <Property value="null"/>
            </Expression>
            <Expression type="NE">
              <Property name="Name" object="MessageOrInterfaceType"/>
              <Property value="'Input'"/>
            </Expression>
          </Expression>
        </whereClause>
        <notExist>
          <select>
            <Property name="TransformID" object="tr"/>
          </select>
          <whereClause type="EQ">
              <Property name="TransformID" object="Transform"/>
              <Property name="TransformID" object="tr"/>
          </whereClause>
        </notExist>
      </sqlStatement>

      <sqlStatement description="backward walk: TR->DE (DE is the part of request dataset but no input Exes are visited)">
        <insert>
          <Property name="TransformID" object="tr"/>
          <Property name="Depth" object="tr"/>
          <Property name="Direction" object="tr"/>
        </insert>
        <select distinct="true">
          <Property name="TransformID" object="Transform"/>
          <Property inputArg="depthNext" />
          <Property value="-1"/>
        </select>
        <joins>
          <join to="DataElem" toProperty="DataElemID" from="Transform" fromProperty="OutputDataElem" />
          <join to="de" toProperty="DataElemID" from="DataElem" fromProperty="DataElemID" />
          <join to="DataSet" toProperty="DataSetID" from="DataElem" fromProperty="DataSetID" />
          <join to="MessageOrInterfaceType" toProperty="MessageOrInterfaceTypeID" from="DataSet" fromProperty="MessageOrInterfaceType" />
        </joins>
        <whereClause type="AND">
          <Expression type="EQ">
            <Property name="Depth" object="de"/>
            <Property inputArg="depthLast"/>
          </Expression>
          <Expression type="EQ">
            <Property name="Name" object="MessageOrInterfaceType"/>
            <Property value="'Input'"/>
          </Expression>
        </whereClause>
        <notExist>
          <select>
            <Property name="Executable" object="tr"/>
          </select>
          <joins>
            <join to="Transform" toProperty="ExecutableID"  toAlias="TRRequest" from="tr" fromProperty="Executable"/>
          </joins>
          <whereClause type="EQ">
              <Property name="OutputDataElemID" object="Transform" objectAlias="TRRequest"/>
              <Property name="DataElemID" object="de"/>
          </whereClause>
        </notExist>
      </sqlStatement>

      <sqlStatement description="backward walk: TR->DE (DE is the part of request dataset)">
        <insert>
          <Property name="TransformID" object="tr"/>
          <Property name="Depth" object="tr"/>
          <Property name="Direction" object="tr"/>
        </insert>
        <select distinct="true">
          <Property name="TransformID" object="Transform"/>
          <Property inputArg="depthNext" />
          <Property value="-1"/>
        </select>
        <joins>
          <join to="DataElem" toProperty="DataElemID" from="Transform" fromProperty="OutputDataElem" />
          <join to="de" toProperty="DataElemID" from="DataElem" fromProperty="DataElemID" />
          <join to="DataSet" toProperty="DataSetID" from="DataElem" fromProperty="DataSetID" />
          <join to="MessageOrInterfaceType" toProperty="MessageOrInterfaceTypeID" from="DataSet" fromProperty="MessageOrInterfaceType" />
        </joins>
        <whereClause type="AND">
          <Expression type="EQ">
            <Property name="Depth" object="de"/>
            <Property inputArg="depthLast"/>
          </Expression>
          <Expression type="EQ">
            <Property name="Name" object="MessageOrInterfaceType"/>
            <Property value="'Input'"/>
          </Expression>
        </whereClause>
        <exist>
          <select>
            <Property name="Executable" object="tr"/>
          </select>
          <whereClause type="EQ">
            <Property name="ExecutableID" object="Transform"/>
            <Property name="Executable" object="tr"/>
          </whereClause>
        </exist>
        <notExist>
          <select>
            <Property name="TransformID" object="tr"/>
          </select>
          <whereClause type="EQ">
            <Property name="TransformID" object="Transform"/>
            <Property name="TransformID" object="tr"/>
          </whereClause>
        </notExist>
      </sqlStatement>

      <sqlStatement description="backward walk: EXE->DS (DS is not a request DS)" from="dsdsl">
        <insert>
          <Property name="Executable" object="exedsl"/>
          <Property name="Depth" object="exedsl"/>
        </insert>
        <select distinct="true">
          <Property name="ExecutableID" object="ExecutableOutputDataSet"/>
          <Property inputArg="depthNext" />
        </select>
        <joins>
          <join to="DataSet" toProperty="DataSetID" from="dsdsl" fromProperty="DataSet" />
          <join to="ExecutableOutputDataSet" toProperty="DataSetID" from="DataSet" fromProperty="DataSetID" />
          <join to="Executable" toProperty="ExecutableID" from="ExecutableOutputDataSet" fromProperty="ExecutableID"  />
          <join type="LeftOuter" to="MessageOrInterfaceType" toProperty="MessageOrInterfaceTypeID" from="DataSet" fromProperty="MessageOrInterfaceType" />
        </joins>
        <whereClause type="AND">
          <Expression type="EQ">
            <Property name="Depth" object="dsdsl"/>
            <Property inputArg="depthLast"/>
          </Expression>
          <Expression type="OR">
            <Expression type="EQ">
              <Property name="MessageOrInterfaceTypeID" object="DataSet"/>
              <Property value="null"/>
            </Expression>
            <Expression type="NE">
              <Property name="Name" object="MessageOrInterfaceType"/>
              <Property value="'Input'"/>
            </Expression>
          </Expression>
        </whereClause>
        <notExist>
          <select>
            <Property name="Executable" object="exedsl"/>
          </select>
          <whereClause type="EQ">
            <Property name="ExecutableID" object="ExecutableOutputDataSet"/>
            <Property name="Executable" object="exedsl"/>
          </whereClause>
        </notExist>
      </sqlStatement>

      <sqlStatement description="backward walk: EXE->DS (DS is a request DS)" from="dsdsl">
        <insert>
          <Property name="Executable" object="exedsl"/>
          <Property name="Depth" object="exedsl"/>
        </insert>
        <select distinct="true">
          <Property name="ExecutableID" object="ExecutableOutputDataSet"/>
          <Property inputArg="depthNext" />
        </select>
        <joins>
          <join to="DataSet" toProperty="DataSetID" from="dsdsl" fromProperty="DataSet" />
          <join to="ExecutableOutputDataSet" toProperty="DataSetID" from="DataSet" fromProperty="DataSetID" />
          <join to="Executable" toProperty="ExecutableID" from="ExecutableOutputDataSet" fromProperty="ExecutableID"  />
          <join to="MessageOrInterfaceType" toProperty="MessageOrInterfaceTypeID" from="DataSet" fromProperty="MessageOrInterfaceType" />
        </joins>
        <whereClause type="AND">
          <Expression type="EQ">
            <Property name="Depth" object="dsdsl"/>
            <Property inputArg="depthLast"/>
          </Expression>
          <Expression type="EQ">
            <Property name="Name" object="MessageOrInterfaceType"/>
            <Property value="'Input'"/>
          </Expression>
        </whereClause>
        <notExist>
          <select>
            <Property name="Executable" object="exedsl"/>
          </select>
          <joins>
            <join to="ExecutableOutputDataSet" toProperty="ExecutableID" toAlias="ExeOutReplyDS" from="exedsl" fromProperty="Executable" />
          </joins>
          <whereClause type="EQ">
              <Property name="DataSetID" object="ExecutableOutputDataSet" objectAlias="ExeOutReplyDS"/>
              <Property name="DataSet" object="dsdsl"/>
          </whereClause>
        </notExist>
      </sqlStatement>

      <sqlStatement description="backward walk: EXE->DE" from="de">
        <insert>
          <Property name="Executable" object="exedsl"/>
          <Property name="Depth" object="exedsl"/>
        </insert>
        <select distinct="true">
          <hint dbType="Oracle" viewType="Tip ChangeSetContext CommittedChangeSetVsBaseline"
                hint="ORDERED USE_NL(TExecutableOutputDataSet) USE_NL(TExecutable)"/>
          <hint dbType="SqlServer" viewType="Tip ChangeSetContext CommittedChangeSetVsBaseline"
                hint="OPTION (FORCE ORDER, LOOP JOIN)"/>
          <Property name="ExecutableID" object="ExecutableOutputDataSet"/>
          <Property inputArg="depthNext" />
        </select>
        <joins>
          <join to="ExecutableOutputDataSet" toProperty="DataSetID" from="de" fromProperty="DataSet" />
          <join to="Executable" toProperty="ExecutableID" from="ExecutableOutputDataSet" fromProperty="ExecutableID"  />
        </joins>
        <whereClause type="EQ">
          <Property name="Depth" object="de"/>
          <Property inputArg="depthLast"/>
        </whereClause>
        <notExist>
          <select>
            <Property name="Executable" object="exedsl"/>
          </select>
          <whereClause type="EQ">
            <Property name="ExecutableID" object="ExecutableOutputDataSet"/>
            <Property name="Executable" object="exedsl"/>
          </whereClause>
        </notExist>
      </sqlStatement>

      <sqlStatement description="backward walk: TR->DS" from="dsdsl">
        <insert>
          <Property name="TransformID" object="tr"/>
          <Property name="Depth" object="tr"/>
          <Property name="Direction" object="tr"/>
        </insert>
        <select distinct="true">
          <hint dbType="Oracle" viewType="Tip ChangeSetContext CommittedChangeSetVsBaseline"
                hint="ORDERED USE_NL(TDataElem) USE_NL(Transform)"/>
          <hint dbType="SqlServer" viewType="Tip ChangeSetContext CommittedChangeSetVsBaseline"
                hint="OPTION (FORCE ORDER, LOOP JOIN)"/>
          <Property name="TransformID" object="Transform"/>
          <Property inputArg="depthNext" />
          <Property value="-1"/>
        </select>
        <joins>
          <join to="DataElem" toProperty="DataSetID" from="dsdsl" fromProperty="DataSet" />
          <join to="Transform" toProperty="OutputDataElem" from="DataElem" fromProperty="DataElemID" />
        </joins>
        <whereClause type="EQ">
          <Property name="Depth" object="dsdsl"/>
          <Property inputArg="depthLast"/>
        </whereClause>
        <notExist>
          <select>
            <Property name="TransformID" object="tr"/>
          </select>
          <whereClause type="EQ">
              <Property name="TransformID" object="Transform"/>
              <Property name="TransformID" object="tr"/>
          </whereClause>
        </notExist>
      </sqlStatement>

      <sqlStatement description="backward walk: DE->TR" from="tr">
        <insert>
          <Property name="DataElemID" object="de"/>
          <Property name="DataSet" object="de"/>
          <Property name="Depth" object="de"/>
          <Property name="Direction" object="de"/>
        </insert>
        <select distinct="true">
          <hint dbType="Oracle" viewType="Tip ChangeSetContext CommittedChangeSetVsBaseline"
                hint="ORDERED USE_NL(TTransformDataElem) USE_NL(TDataElem)"/>
          <hint dbType="SqlServer" viewType="Tip ChangeSetContext CommittedChangeSetVsBaseline"
                hint="OPTION (FORCE ORDER, LOOP JOIN)"/>
          <Property name="DataElemID" object="DataElem"/>
          <Property name="DataSetID" object="DataElem"/>
          <Property inputArg="depthNext" />
          <Property value="-1"/>
        </select>
        <joins>
          <join to="TransformDataElem" toProperty="Transform" from="tr" fromProperty="TransformID" />
          <join to="DataElem" toProperty="DataElemID" from="TransformDataElem" fromProperty="InputDataElem" />
        </joins>
        <whereClause type="AND">
          <Expression type="EQ">
            <Property name="Depth" object="tr"/>
            <Property inputArg="depthNext"/>
          </Expression>
          <Expression type="OR">
            <Expression type="EQ">
              <Property name="IsUsedInConditionOnly" object="TransformDataElem"/>
              <Property value="'N'"/>
            </Expression>
            <Expression type="EQ" conditionalOnArg="arg1">
              <Property name="IsUsedInConditionOnly" object="TransformDataElem"/>
              <Property inputArg="arg1"/>
            </Expression>
          </Expression>
        </whereClause>
        <notExist>
          <select>
            <Property name="DataElemID" object="de"/>
          </select>
          <whereClause type="EQ">
            <Property name="DataElemID" object="de"/>
            <Property name="InputDataElem" object="TransformDataElem"/>
          </whereClause>
        </notExist>
      </sqlStatement>

      <sqlStatement description="backward walk: DS->EXE" from="exedsl">
        <insert>
          <Property name="DataSet" object="dsdsl"/>
          <Property name="Depth" object="dsdsl"/>
        </insert>
        <select distinct="true">
          <hint dbType="Oracle" viewType="Tip ChangeSetContext CommittedChangeSetVsBaseline"
                hint="ORDERED USE_NL(TExecutableInputDataSet) USE_NL(TDataSet)"/>
          <hint dbType="SqlServer" viewType="Tip ChangeSetContext CommittedChangeSetVsBaseline"
                hint="OPTION (FORCE ORDER, LOOP JOIN)"/>
          <Property name="DataSetID" object="ExecutableInputDataSet"/>
          <Property inputArg="depthNext" />
        </select>
        <joins>
          <join to="ExecutableInputDataSet" toProperty="ExecutableID" from="exedsl" fromProperty="Executable" />
          <join to="DataSet" toProperty="DataSetID" from="ExecutableInputDataSet" fromProperty="DataSetID" />
        </joins>
        <whereClause type="EQ">
          <Property name="Depth" object="exedsl" />
          <Property inputArg="depthNext"/>
        </whereClause>
        <notExist>
          <select>
            <Property name="DataSet" object="dsdsl"/>
          </select>
          <whereClause type="EQ">
            <Property name="DataSet" object="dsdsl"/>
            <Property name="DataSetID" object="ExecutableInputDataSet"/>
          </whereClause>
        </notExist>
      </sqlStatement>

    </walk>

    <walk type="forward">
      <sqlStatement description="forward walk: DE->TR (DE is not the part of response dataset)" from="de">
        <insert>
          <Property name="TransformID" object="tr"/>
          <Property name="Depth" object="tr"/>
          <Property name="Direction" object="tr"/>
        </insert>
        <select distinct="true">
          <!--
            Updated oracle hint and reordered joins after tuning for JPMC (sr779062).
            The rationale is that we want to join along dataset path first (DataElem->DataSet->MessageOrInterfaceType)
            and then join to TransformDataElem and Transform. The oracle hint allows us to order within the
            hint (using LEADING) but the sqlserver hint does not, which is why we need the explicit join reorder.
          -->
          <hint dbType="Oracle" viewType="Tip ChangeSetContext CommittedChangeSetVsBaseline"
                hint="LEADING(Tde TDataElem TDataSet TMessageOrInterfaceType TTransformDataElem) USE_NL(TTransformDataElem) USE_NL(TTransform) USE_NL(TDataElem) USE_NL(TDataSet) USE_HASH(TMessageOrInterfaceType)"/>
          <hint dbType="SqlServer" viewType="Tip ChangeSetContext CommittedChangeSetVsBaseline"
                hint="OPTION (FORCE ORDER, LOOP JOIN)"/>
          <Property name="TransformID" object="Transform"/>
          <Property inputArg="depthNext" />
          <Property value="1"/>
        </select>
        <joins>
          <join to="DataElem" toProperty="DataElemID" from="de" fromProperty="DataElemID" />
          <join to="DataSet" toProperty="DataSetID" from="DataElem" fromProperty="DataSetID" />
          <join type="LeftOuter" to="MessageOrInterfaceType" toProperty="MessageOrInterfaceTypeID" from="DataSet" fromProperty="MessageOrInterfaceType" />
          <join to="TransformDataElem" toProperty="InputDataElem" from="de" fromProperty="DataElemID" />
          <join to="Transform" toProperty="TransformID" from="TransformDataElem" fromProperty="Transform" />
        </joins>
        <whereClause type="AND">
          <Expression type="EQ">
            <Property name="Depth" object="de"/>
            <Property inputArg="depthLast"/>
          </Expression>
          <Expression type="OR">
            <Expression type="EQ">
              <Property name="MessageOrInterfaceTypeID" object="DataSet"/>
              <Property value="null"/>
            </Expression>
            <Expression type="NE">
              <Property name="Name" object="MessageOrInterfaceType"/>
              <Property value="'Output'"/>
            </Expression>
          </Expression>
          <Expression type="OR">
            <Expression type="EQ">
              <Property name="IsUsedInConditionOnly" object="TransformDataElem"/>
              <Property value="'N'"/>
            </Expression>
            <Expression type="EQ" conditionalOnArg="arg1">
              <Property name="IsUsedInConditionOnly" object="TransformDataElem"/>
              <Property inputArg="arg1"/>
            </Expression>
          </Expression>
        </whereClause>
        <notExist>
          <select>
            <Property name="TransformID" object="tr"/>
          </select>
          <whereClause type="AND">
            <Expression type="EQ">
              <Property name="Transform" object="TransformDataElem"/>
              <Property name="TransformID" object="tr"/>
            </Expression>
            <Expression type="EQ">
              <Property name="Direction" object="tr"/>
              <Property value="1"/>
            </Expression>
          </whereClause>
        </notExist>
      </sqlStatement>

      <sqlStatement description="forward walk: DE->TR (DE is the part of response dataset and no output Executables were visited so far)" from="de">
        <insert>
          <Property name="TransformID" object="tr"/>
          <Property name="Depth" object="tr"/>
          <Property name="Direction" object="tr"/>
        </insert>
        <select distinct="true">
          <!--
            Updated oracle hint and reordered joins after tuning for JPMC (sr779062).
            The rationale is that we want to join along dataset path first (DataElem->DataSet->MessageOrInterfaceType)
            and then join to TransformDataElem and Transform. The oracle hint allows us to order within the
            hint (using LEADING) but the sqlserver hint does not, which is why we need the explicit join reorder.
          -->
          <hint dbType="Oracle" viewType="Tip ChangeSetContext CommittedChangeSetVsBaseline"
                hint="LEADING(Tde TDataElem TDataSet TMessageOrInterfaceType TTransformDataElem) USE_NL(TTransformDataElem) USE_NL(TTransform) USE_NL(TDataElem) USE_NL(TDataSet) USE_HASH(TMessageOrInterfaceType)"/>
          <!-- Changed the SqlServer query hint to remove (FORCE ORDER) based on
               DataSet lineage (DataSet: dim_co) for Intel database in 3.1.6 release. -->
          <hint dbType="SqlServer" viewType="Tip ChangeSetContext CommittedChangeSetVsBaseline"
                hint="OPTION (LOOP JOIN)"/>
          <Property name="TransformID" object="Transform"/>
          <Property inputArg="depthNext" />
          <Property value="1"/>
        </select>
        <joins>
          <join to="DataElem" toProperty="DataElemID" from="de" fromProperty="DataElemID" />
          <join to="DataSet" toProperty="DataSetID" from="DataElem" fromProperty="DataSetID" />
          <join to="MessageOrInterfaceType" toProperty="MessageOrInterfaceTypeID" from="DataSet" fromProperty="MessageOrInterfaceType" />
          <join to="TransformDataElem" toProperty="InputDataElem" from="de" fromProperty="DataElemID" />
          <join to="Transform" toProperty="TransformID" from="TransformDataElem" fromProperty="Transform" />
        </joins>
        <whereClause type="AND">
          <Expression type="EQ">
            <Property name="Depth" object="de"/>
            <Property inputArg="depthLast"/>
          </Expression>
          <Expression type="EQ">
            <Property name="Name" object="MessageOrInterfaceType"/>
            <Property value="'Output'"/>
          </Expression>
          <Expression type="OR">
            <Expression type="EQ">
              <Property name="IsUsedInConditionOnly" object="TransformDataElem"/>
              <Property value="'N'"/>
            </Expression>
            <Expression type="EQ" conditionalOnArg="arg1">
              <Property name="IsUsedInConditionOnly" object="TransformDataElem"/>
              <Property inputArg="arg1"/>
            </Expression>
          </Expression>
        </whereClause>
        <notExist>
          <select>
            <Property name="Executable" object="tr"/>
          </select>
          <joins>
            <join to="TransformDataElem" toProperty="ExecutableID" toAlias="ReplyInputDE" from="tr" fromProperty="Executable"/>
            <join to="DataElem" toProperty="DataElemID" toAlias="ReplyDE" from="TransformDataElem" fromProperty="InputDataElemID" fromAlias="ReplyInputDE" />
          </joins>
          <whereClause type="EQ">
              <Property name="DataElemID" object="DataElem" objectAlias="ReplyDE"/>
              <Property name="DataElemID" object="de"/>
          </whereClause>
        </notExist>
      </sqlStatement>

      <sqlStatement description="forward walk: DE->TR (DE is the part of response dataset)" from="de">
        <insert>
          <Property name="TransformID" object="tr"/>
          <Property name="Depth" object="tr"/>
          <Property name="Direction" object="tr"/>
        </insert>
        <select distinct="true">
          <!--
            Updated oracle hint and reordered joins after tuning for JPMC (sr779062).
            The rationale is that we want to join along dataset path first (DataElem->DataSet->MessageOrInterfaceType)
            and then join to TransformDataElem and Transform. The oracle hint allows us to order within the
            hint (using LEADING) but the sqlserver hint does not, which is why we need the explicit join reorder.
          -->
          <hint dbType="Oracle" viewType="Tip ChangeSetContext CommittedChangeSetVsBaseline"
                hint="LEADING(Tde TDataElem TDataSet TMessageOrInterfaceType TTransformDataElem) USE_NL(TTransformDataElem) USE_NL(TTransform) USE_NL(TDataElem) USE_NL(TDataSet) USE_HASH(TMessageOrInterfaceType)"/>
          <hint dbType="SqlServer" viewType="Tip ChangeSetContext CommittedChangeSetVsBaseline"
                hint="OPTION (FORCE ORDER, LOOP JOIN)"/>
          <Property name="TransformID" object="Transform"/>
          <Property inputArg="depthNext" />
          <Property value="1"/>
        </select>
        <joins>
          <join to="DataElem" toProperty="DataElemID" from="de" fromProperty="DataElemID" />
          <join to="DataSet" toProperty="DataSetID" from="DataElem" fromProperty="DataSetID" />
          <join to="MessageOrInterfaceType" toProperty="MessageOrInterfaceTypeID" from="DataSet" fromProperty="MessageOrInterfaceType" />
          <join to="TransformDataElem" toProperty="InputDataElem" from="de" fromProperty="DataElemID" />
          <join to="Transform" toProperty="TransformID" from="TransformDataElem" fromProperty="Transform" />
        </joins>
        <whereClause type="AND">
          <Expression type="EQ">
            <Property name="Depth" object="de"/>
            <Property inputArg="depthLast"/>
          </Expression>
          <Expression type="EQ">
            <Property name="Name" object="MessageOrInterfaceType"/>
            <Property value="'Output'"/>
          </Expression>
          <Expression type="OR">
            <Expression type="EQ">
              <Property name="IsUsedInConditionOnly" object="TransformDataElem"/>
              <Property value="'N'"/>
            </Expression>
            <Expression type="EQ" conditionalOnArg="arg1">
              <Property name="IsUsedInConditionOnly" object="TransformDataElem"/>
              <Property inputArg="arg1"/>
            </Expression>
          </Expression>
        </whereClause>
        <exist>
          <select>
            <Property name="Executable" object="tr"/>
          </select>
          <whereClause type="EQ">
              <Property name="ExecutableID" object="Transform"/>
              <Property name="Executable" object="tr"/>
          </whereClause>
        </exist>
        <notExist>
          <select>
            <Property name="TransformID" object="tr"/>
          </select>
          <whereClause type="EQ">
              <Property name="Transform" object="TransformDataElem"/>
              <Property name="TransformID" object="tr"/>
          </whereClause>
        </notExist>
      </sqlStatement>

      <sqlStatement description="forward walk: DS->EXE (DS is not a response)" from="dsdsl">
        <insert>
          <Property name="Executable" object="exedsl"/>
          <Property name="Depth" object="exedsl"/>
        </insert>
        <select distinct="true">
          <hint dbType="Oracle" viewType="Tip ChangeSetContext CommittedChangeSetVsBaseline"
                hint="ORDERED USE_NL(TDataSet) USE_NL(TExecutableInputDataSet) USE_NL(TExecutable)"/>
          <hint dbType="SqlServer" viewType="Tip ChangeSetContext CommittedChangeSetVsBaseline"
                hint="OPTION (FORCE ORDER, LOOP JOIN)"/>
          <Property name="ExecutableID" object="ExecutableInputDataSet"/>
          <Property inputArg="depthNext" />
        </select>
        <joins>
          <join to="DataSet" toProperty="DataSetID" from="dsdsl" fromProperty="DataSet" />
          <join to="ExecutableInputDataSet" toProperty="DataSetID" from="DataSet" fromProperty="DataSetID" />
          <join to="Executable" toProperty="ExecutableID" from="ExecutableInputDataSet" fromProperty="ExecutableID" />
          <join type="LeftOuter" to="MessageOrInterfaceType" toProperty="MessageOrInterfaceTypeID" from="DataSet" fromProperty="MessageOrInterfaceType" />
        </joins>
        <whereClause type="AND">
          <Expression type="EQ">
            <Property name="Depth" object="dsdsl"/>
            <Property inputArg="depthLast"/>
          </Expression>
          <Expression type="OR">
            <Expression type="EQ">
              <Property name="MessageOrInterfaceTypeID" object="DataSet"/>
              <Property value="null"/>
            </Expression>
            <Expression type="NE">
              <Property name="Name" object="MessageOrInterfaceType"/>
              <Property value="'Output'"/>
            </Expression>
          </Expression>
        </whereClause>
        <notExist>
          <select>
            <Property name="Executable" object="exedsl"/>
          </select>
          <whereClause type="EQ">
              <Property name="ExecutableID" object="ExecutableInputDataSet"/>
              <Property name="Executable" object="exedsl"/>
          </whereClause>
        </notExist>
      </sqlStatement>

      <sqlStatement description="forward walk: DS->EXE (DS is a response and no output Exe were visited so far)" from="dsdsl">
        <insert>
          <Property name="Executable" object="exedsl"/>
          <Property name="Depth" object="exedsl"/>
        </insert>
        <select distinct="true">
          <hint dbType="Oracle" viewType="Tip ChangeSetContext CommittedChangeSetVsBaseline"
                hint="ORDERED USE_NL(TDataSet) USE_NL(TExecutableInputDataSet) USE_NL(TExecutable)"/>
          <hint dbType="SqlServer" viewType="Tip ChangeSetContext CommittedChangeSetVsBaseline"
                hint="OPTION (FORCE ORDER, LOOP JOIN)"/>
          <Property name="ExecutableID" object="ExecutableInputDataSet"/>
          <Property inputArg="depthNext" />
        </select>
        <joins>
          <join to="DataSet" toProperty="DataSetID" from="dsdsl" fromProperty="DataSet" />
          <join to="ExecutableInputDataSet" toProperty="DataSetID" from="DataSet" fromProperty="DataSetID" />
          <join to="Executable" toProperty="ExecutableID" from="ExecutableInputDataSet" fromProperty="ExecutableID" />
          <join to="MessageOrInterfaceType" toProperty="MessageOrInterfaceTypeID" from="DataSet" fromProperty="MessageOrInterfaceType" />
        </joins>
        <whereClause type="AND">
          <Expression type="EQ">
            <Property name="Depth" object="dsdsl"/>
            <Property inputArg="depthLast"/>
          </Expression>
          <Expression type="EQ">
            <Property name="Name" object="MessageOrInterfaceType"/>
            <Property value="'Output'"/>
          </Expression>
        </whereClause>
        <notExist>
          <select>
            <Property name="Executable" object="exedsl"/>
          </select>
          <joins>
            <join to="ExecutableInputDataSet" toProperty="ExecutableID" toAlias="ExeInReply" from="exedsl" fromProperty="Executable"/>
          </joins>
          <whereClause type="EQ">
              <Property name="DataSetID" object="ExecutableInputDataSet" objectAlias="ExeInReply"/>
              <Property name="DataSet" object="dsdsl"/>
          </whereClause>
        </notExist>
      </sqlStatement>

      <sqlStatement description="forward walk: DE->EXE" from="de">
        <insert>
          <Property name="Executable" object="exedsl"/>
          <Property name="Depth" object="exedsl"/>
        </insert>
        <select distinct="true">
          <hint dbType="Oracle" viewType="Tip ChangeSetContext CommittedChangeSetVsBaseline"
                hint="ORDERED USE_NL(TExecutableInputDataSet) USE_NL(TExecutable)"/>
          <hint dbType="SqlServer" viewType="Tip ChangeSetContext CommittedChangeSetVsBaseline"
                hint="OPTION (FORCE ORDER, LOOP JOIN)"/>
          <Property name="ExecutableID" object="ExecutableInputDataSet"/>
          <Property inputArg="depthNext" />
        </select>
        <joins>
          <join to="ExecutableInputDataSet" toProperty="DataSetID" from="de" fromProperty="DataSet" />
          <join to="Executable" toProperty="ExecutableID" from="ExecutableInputDataSet" fromProperty="ExecutableID" />
        </joins>
        <whereClause type="EQ">
          <Property name="Depth" object="de"/>
          <Property inputArg="depthLast"/>
        </whereClause>
        <notExist>
          <select>
            <Property name="Executable" object="exedsl"/>
          </select>
          <whereClause type="EQ">
              <Property name="ExecutableID" object="ExecutableInputDataSet"/>
              <Property name="Executable" object="exedsl"/>
          </whereClause>
        </notExist>
      </sqlStatement>

      <sqlStatement description="forward walk: DS->TR" from="dsdsl">
        <insert>
          <Property name="TransformID" object="tr"/>
          <Property name="Depth" object="tr"/>
          <Property name="Direction" object="tr"/>
        </insert>
        <select distinct="true">
          <hint dbType="Oracle" viewType="Tip ChangeSetContext CommittedChangeSetVsBaseline"
                hint="ORDERED USE_NL(DataElem) USE_NL(TTransformDataElem) USE_NL(TTransform)"/>
          <hint dbType="SqlServer" viewType="Tip ChangeSetContext CommittedChangeSetVsBaseline"
                hint="OPTION (FORCE ORDER, LOOP JOIN)"/>
          <Property name="TransformID" object="Transform"/>
          <Property inputArg="depthNext" />
          <Property value="1"/>
        </select>
        <joins>
          <join to="DataElem" toProperty="DataSetID" from="dsdsl" fromProperty="DataSet" />
          <join to="TransformDataElem" toProperty="InputDataElem" from="DataElem" fromProperty="DataElemID" />
          <join to="Transform" toProperty="TransformID" from="TransformDataElem" fromProperty="Transform" />
        </joins>
        <whereClause type="EQ">
          <Property name="Depth" object="dsdsl"/>
          <Property inputArg="depthLast"/>
        </whereClause>
        <notExist>
          <select>
            <Property name="TransformID" object="tr"/>
          </select>
          <whereClause type="AND">
            <Expression type="EQ">
              <Property name="Transform" object="TransformDataElem"/>
              <Property name="TransformID" object="tr"/>
            </Expression>
            <Expression type="EQ">
              <Property name="Direction" object="tr"/>
              <Property value="1"/>
            </Expression>
          </whereClause>
        </notExist>
      </sqlStatement>

      <sqlStatement description="forward walk: TR->DE">
        <insert>
          <Property name="DataElemID" object="de"/>
          <Property name="DataSet" object="de"/>
          <Property name="Depth" object="de"/>
          <Property name="Direction" object="de"/>
        </insert>
        <select distinct="true">
          <Property name="DataElemID" object="DataElem"/>
          <Property name="DataSetID" object="DataElem"/>
          <Property inputArg="depthNext" />
          <Property value="1"/>
        </select>
        <joins>
          <join to="tr" toProperty="OutputDataElem" from="DataElem" fromProperty="DataElemID" />
        </joins>
        <whereClause type="EQ">
          <Property name="Depth" object="tr"/>
          <Property inputArg="depthNext"/>
        </whereClause>
        <notExist>
          <select>
            <Property name="DataElemID" object="de"/>
          </select>
          <whereClause type="AND">
            <Expression type="EQ">
              <Property name="DataElemID" object="de"/>
              <Property name="DataElemID" object="DataElem"/>
            </Expression>
            <Expression type="EQ">
              <Property name="Direction" object="de"/>
              <Property value="1"/>
            </Expression>
          </whereClause>
        </notExist>
      </sqlStatement>

      <sqlStatement description="forward walk: EXE->DS" from="exedsl">
        <insert>
          <Property name="DataSet" object="dsdsl"/>
          <Property name="Depth" object="dsdsl"/>
        </insert>
        <select distinct="true">
          <hint dbType="Oracle" viewType="Tip ChangeSetContext CommittedChangeSetVsBaseline"
                hint="ORDERED USE_NL(TExecutableOutputDataSet) USE_NL(TDataSet)"/>
          <hint dbType="SqlServer" viewType="Tip ChangeSetContext CommittedChangeSetVsBaseline"
                hint="OPTION (FORCE ORDER, LOOP JOIN)"/>
          <Property name="DataSetID" object="ExecutableOutputDataSet"/>
          <Property inputArg="depthNext" />
        </select>
        <joins>
          <join to="ExecutableOutputDataSet" toProperty="ExecutableID" from="exedsl" fromProperty="Executable" />
          <join to="DataSet" toProperty="DataSetID" from="ExecutableOutputDataSet" fromProperty="DataSetID"  />
        </joins>
        <whereClause type="EQ">
          <Property name="Depth" object="exedsl"/>
          <Property inputArg="depthNext"/>
        </whereClause>
        <notExist>
          <select>
            <Property name="DataSet" object="dsdsl"/>
          </select>
          <whereClause type="EQ">
            <Property name="DataSet" object="dsdsl"/>
            <Property name="DataSetID" object="ExecutableOutputDataSet"/>
          </whereClause>
        </notExist>
      </sqlStatement>

    </walk>
  </processing>

  <nodes>
    <!-- ignore any interface datasets -->
    <node objClass="DataSet">
      <sqlStatement>
        <select object="DataSet"/>
          <joins>
           <join to="de" toProperty="DataSet" from="DataSet" fromProperty="DataSetID" />
           <join to="SubType" toProperty="SubTypeID" from="DataSet" fromProperty="SubTypeID"/>
          </joins>
          <whereClause type="OR">
            <Expression type="NE">
              <Property name="Name" object="SubType"/>
              <Property value="'Interface'"/>
            </Expression>
            <Expression type="EQ">
              <Property name="DataSetID" object="DataSet"/>
              <Property inputArg="objID"/>
            </Expression>
          </whereClause>
      </sqlStatement>
    </node>
    <node objClass="Executable">
      <sqlStatement>
        <select object="Executable"/>
        <exist>
          <select>
            <Property name="TransformID" object="tr"/>
          </select>
          <whereClause type="EQ">
              <Property name="Executable" object="tr"/>
              <Property name="ExecutableID" object="Executable"/>
          </whereClause>
        </exist>
      </sqlStatement>
    </node>

    <!-- ignore any interface datasets -->
    <node objClass="DataSet" ignoreDuplicates="true">
      <sqlStatement>
        <select object="DataSet"/>
          <joins>
           <join to="dsdsl" toProperty="DataSet" from="DataSet" fromProperty="DataSetID" />
           <join to="SubType" toProperty="SubTypeID" from="DataSet" fromProperty="SubTypeID"/>
          </joins>
          <whereClause type="OR">
            <Expression type="NE">
              <Property name="Name" object="SubType"/>
              <Property value="'Interface'"/>
            </Expression>
            <Expression type="EQ">
              <Property name="DataSetID" object="DataSet"/>
              <Property inputArg="objID"/>
            </Expression>
          </whereClause>
      </sqlStatement>
    </node>
    <node objClass="Executable" ignoreDuplicates="true">
      <sqlStatement>
        <select object="Executable"/>
        <exist>
          <select>
            <Property name="Executable" object="exedsl"/>
          </select>
          <whereClause type="EQ">
              <Property name="Executable" object="exedsl"/>
              <Property name="ExecutableID" object="Executable"/>
          </whereClause>
        </exist>
      </sqlStatement>
    </node>

    <!-- incremental mode -->
    <node objClass="DataSet" mode="incremental">
      <sqlStatement>
        <select object="DataSet"/>
        <exist>
          <select>
            <Property name="DataElemID" object="de"/>
          </select>
          <whereClause type="AND">
            <Expression type="EQ">
              <Property name="DataSet" object="de"/>
              <Property name="DataSetID" object="DataSet"/>
            </Expression>
            <Expression type="LT">
              <Property name="Depth" object="de"/>
              <Property inputArg="incModeLimitP"/>
            </Expression>
            <Expression type="GT">
              <Property name="Depth" object="de"/>
              <Property inputArg="incModeLimitN"/>
            </Expression>
          </whereClause>
        </exist>
      </sqlStatement>
    </node>
    <node objClass="DataSet" mode="incremental" ignoreDuplicates="true">
      <sqlStatement>
        <select object="DataSet"/>
        <exist>
          <select>
            <Property name="DataSet" object="dsdsl"/>
          </select>
          <whereClause type="AND">
            <Expression type="EQ">
              <Property name="DataSet" object="dsdsl"/>
              <Property name="DataSetID" object="DataSet"/>
            </Expression>
            <Expression type="LT">
              <Property name="Depth" object="dsdsl"/>
              <Property inputArg="incModeLimitP"/>
            </Expression>
            <Expression type="GT">
              <Property name="Depth" object="dsdsl"/>
              <Property inputArg="incModeLimitN"/>
            </Expression>
          </whereClause>
        </exist>
      </sqlStatement>
    </node>

    <node objClass="DataSet" mode="incremental" overlayIcon="walkLineageForward" ignoreDuplicates="true">
      <sqlStatement>
        <select object="DataSet"/>
        <exist>
          <select>
            <Property name="DataElemID" object="de"/>
          </select>
          <whereClause type="AND">
            <Expression type="EQ">
              <Property name="DataSet" object="de"/>
              <Property name="DataSetID" object="DataSet"/>
            </Expression>
            <Expression type="EQ">
              <Property name="Depth" object="de"/>
              <Property inputArg="incModeLimitP"/>
            </Expression>
          </whereClause>
        </exist>
      </sqlStatement>
      <actions>
        <action name="Walk Lineage Further" type="walkLineage" flag="forward"/>
      </actions>
    </node>
    <node objClass="DataSet" mode="incremental" overlayIcon="walkLineageForward" ignoreDuplicates="true">
      <sqlStatement>
        <select object="DataSet"/>
        <exist>
          <select>
            <Property name="DataSet" object="dsdsl"/>
          </select>
          <whereClause type="AND">
            <Expression type="EQ">
              <Property name="DataSet" object="dsdsl"/>
              <Property name="DataSetID" object="DataSet"/>
            </Expression>
            <Expression type="EQ">
              <Property name="Depth" object="dsdsl"/>
              <Property inputArg="incModeLimitP"/>
            </Expression>
          </whereClause>
        </exist>
      </sqlStatement>
      <actions>
        <action name="Walk Lineage Further" type="walkLineage" flag="forward"/>
      </actions>
    </node>
    <node objClass="DataSet" mode="incremental" overlayIcon="walkLineageBackward" ignoreDuplicates="true">
      <sqlStatement>
        <select object="DataSet"/>
        <exist>
          <select>
            <Property name="DataElemID" object="de"/>
          </select>
          <whereClause type="AND">
            <Expression type="EQ">
              <Property name="DataSet" object="de"/>
              <Property name="DataSetID" object="DataSet"/>
            </Expression>
            <Expression type="EQ">
              <Property name="Depth" object="de"/>
              <Property inputArg="incModeLimitN"/>
            </Expression>
          </whereClause>
        </exist>
      </sqlStatement>
      <actions>
        <action name="Walk Lineage Further" type="walkLineage" flag="backward"/>
      </actions>
    </node>
    <node objClass="DataSet" mode="incremental" overlayIcon="walkLineageBackward" ignoreDuplicates="true">
      <sqlStatement>
        <select object="DataSet"/>
        <exist>
          <select>
            <Property name="DataSet" object="dsdsl"/>
          </select>
          <whereClause type="AND">
            <Expression type="EQ">
              <Property name="DataSet" object="dsdsl"/>
              <Property name="DataSetID" object="DataSet"/>
            </Expression>
            <Expression type="EQ">
              <Property name="Depth" object="dsdsl"/>
              <Property inputArg="incModeLimitN"/>
            </Expression>
          </whereClause>
        </exist>
      </sqlStatement>
      <actions>
        <action name="Walk Lineage Further" type="walkLineage" flag="backward"/>
      </actions>
    </node>

    <node objClass="Executable" mode="incremental">
      <sqlStatement>
        <select object="Executable"/>
        <exist>
          <select>
            <Property name="TransformID" object="tr"/>
          </select>
          <whereClause type="AND">
            <Expression type="EQ">
              <Property name="Executable" object="tr"/>
              <Property name="ExecutableID" object="Executable"/>
            </Expression>
            <Expression type="LE">
              <Property name="Depth" object="tr"/>
              <Property inputArg="incModeLimitP"/>
            </Expression>
            <Expression type="GE">
              <Property name="Depth" object="tr"/>
              <Property inputArg="incModeLimitN"/>
            </Expression>
          </whereClause>
        </exist>
      </sqlStatement>
    </node>
    <node objClass="Executable" mode="incremental" ignoreDuplicates="true">
      <sqlStatement>
        <select object="Executable"/>
        <exist>
          <select>
            <Property name="Executable" object="exedsl"/>
          </select>
          <whereClause type="AND">
            <Expression type="EQ">
              <Property name="Executable" object="exedsl"/>
              <Property name="ExecutableID" object="Executable"/>
            </Expression>
            <Expression type="LE">
              <Property name="Depth" object="exedsl"/>
              <Property inputArg="incModeLimitP"/>
            </Expression>
            <Expression type="GE">
              <Property name="Depth" object="exedsl"/>
              <Property inputArg="incModeLimitN"/>
            </Expression>
          </whereClause>
        </exist>
      </sqlStatement>
    </node>

  </nodes>

  <edges>

    <!-- lines to/from mapping spec should use dash style -->
    <edge ignoreMissingNodes="true" style="dash">
      <sqlStatement description="EXE->DS">
        <select>
          <Property name="Executable" object="tr"/>
          <Property name="DataSet" object="de" />
        </select>
        <joins>
          <join to="de" toProperty="DataElemID" from="tr" fromProperty="OutputDataElem" />
          <join to="Executable" toProperty="ExecutableID" from="tr" fromProperty="Executable" />
          <join to="SubType" toProperty="SubTypeID" from="Executable" fromProperty="SubTypeID" />
        </joins>
        <whereClause type="EQ">
          <Property name="Name" object="SubType"/>
          <Property value="'MappingSpec'"/>
        </whereClause>
        <union>
          <select>
            <Property name="Executable" object="exedsl"/>
            <Property name="DataSet" object="dsdsl" />
          </select>
          <joins>
            <join to="ExecutableOutputDataSet" toProperty="ExecutableID" from="exedsl" fromProperty="Executable" />
            <join to="dsdsl" toProperty="DataSet" from="ExecutableOutputDataSet" fromProperty="DataSetID"  />
            <join to="Executable" toProperty="ExecutableID" from="ExecutableOutputDataSet" fromProperty="ExecutableID" />
            <join to="SubType" toProperty="SubTypeID" from="Executable" fromProperty="SubTypeID" />
          </joins>
          <whereClause type="EQ">
            <Property name="Name" object="SubType"/>
            <Property value="'MappingSpec'"/>
          </whereClause>
        </union>
        <union>
          <select>
            <Property name="Executable" object="exedsl"/>
            <Property name="DataSet" object="de" />
          </select>
          <joins>
            <join to="ExecutableOutputDataSet" toProperty="ExecutableID" from="exedsl" fromProperty="Executable" />
            <join to="de" toProperty="DataSet" from="ExecutableOutputDataSet" fromProperty="DataSetID"  />
            <join to="Executable" toProperty="ExecutableID" from="ExecutableOutputDataSet" fromProperty="ExecutableID" />
            <join to="SubType" toProperty="SubTypeID" from="Executable" fromProperty="SubTypeID" />
          </joins>
          <whereClause type="EQ">
            <Property name="Name" object="SubType"/>
            <Property value="'MappingSpec'"/>
          </whereClause>
        </union>
        <union>
          <select>
            <Property name="Executable" object="tr"/>
            <Property name="DataSet" object="dsdsl" />
          </select>
          <joins>
            <join to="DataElem" toProperty="DataElemID" from="tr" fromProperty="OutputDataElem" />
            <join to="dsdsl" toProperty="DataSet" from="DataElem" fromProperty="DataSetID" />
            <join to="Executable" toProperty="ExecutableID" from="tr" fromProperty="Executable" />
            <join to="SubType" toProperty="SubTypeID" from="Executable" fromProperty="SubTypeID" />
          </joins>
          <whereClause type="EQ">
            <Property name="Name" object="SubType"/>
            <Property value="'MappingSpec'"/>
          </whereClause>
        </union>
      </sqlStatement>
    </edge>
    <edge ignoreMissingNodes="true" style="dash">
      <sqlStatement description="DS->EXE">
        <select>
          <Property name="DataSet" object="de"/>
          <Property name="Executable" object="tr" />
        </select>
        <joins>
          <join to="TransformDataElem" toProperty="InputDataElem" from="de" fromProperty="DataElemID" />
          <join to="tr" toProperty="TransformID" from="TransformDataElem" fromProperty="Transform" />
          <join to="Executable" toProperty="ExecutableID" from="tr" fromProperty="Executable" />
          <join to="SubType" toProperty="SubTypeID" from="Executable" fromProperty="SubTypeID" />
        </joins>
        <whereClause type="EQ">
          <Property name="Name" object="SubType"/>
          <Property value="'MappingSpec'"/>
        </whereClause>
        <union>
          <select>
            <Property name="DataSet" object="dsdsl"/>
            <Property name="Executable" object="exedsl" />
          </select>
          <joins>
            <join to="ExecutableInputDataSet" toProperty="DataSetID" from="dsdsl" fromProperty="DataSet" />
            <join to="exedsl" toProperty="Executable" from="ExecutableInputDataSet" fromProperty="ExecutableID"  />
            <join to="Executable" toProperty="ExecutableID" from="ExecutableInputDataSet" fromProperty="ExecutableID" />
            <join to="SubType" toProperty="SubTypeID" from="Executable" fromProperty="SubTypeID" />
          </joins>
          <whereClause type="EQ">
            <Property name="Name" object="SubType"/>
            <Property value="'MappingSpec'"/>
          </whereClause>
        </union>
        <union>
          <select>
            <Property name="DataSet" object="de"/>
            <Property name="Executable" object="exedsl" />
          </select>
          <joins>
            <join to="ExecutableInputDataSet" toProperty="DataSetID" from="de" fromProperty="DataSet" />
            <join to="exedsl" toProperty="Executable" from="ExecutableInputDataSet" fromProperty="ExecutableID"  />
            <join to="Executable" toProperty="ExecutableID" from="ExecutableInputDataSet" fromProperty="ExecutableID" />
            <join to="SubType" toProperty="SubTypeID" from="Executable" fromProperty="SubTypeID" />
          </joins>
          <whereClause type="EQ">
            <Property name="Name" object="SubType"/>
            <Property value="'MappingSpec'"/>
          </whereClause>
        </union>
        <union>
          <select>
            <Property name="DataSet" object="dsdsl"/>
            <Property name="Executable" object="tr" />
          </select>
          <joins>
            <join to="DataElem" toProperty="DataSetID" from="dsdsl" fromProperty="DataSet" />
            <join to="TransformDataElem" toProperty="InputDataElem" from="DataElem" fromProperty="DataElemID" />
            <join to="tr" toProperty="TransformID" from="TransformDataElem" fromProperty="Transform" />
            <join to="Executable" toProperty="ExecutableID" from="tr" fromProperty="Executable" />
            <join to="SubType" toProperty="SubTypeID" from="Executable" fromProperty="SubTypeID" />
          </joins>
          <whereClause type="EQ">
            <Property name="Name" object="SubType"/>
            <Property value="'MappingSpec'"/>
          </whereClause>
        </union>
      </sqlStatement>
    </edge>

    <edge ignoreMissingNodes="true">
      <sqlStatement description="EXE->DS">
        <select>
          <Property name="Executable" object="tr"/>
          <Property name="DataSet" object="de" />
        </select>
        <joins>
          <join to="de" toProperty="DataElemID" from="tr" fromProperty="OutputDataElem" />
        </joins>
        <union>
          <select>
            <Property name="Executable" object="exedsl"/>
            <Property name="DataSet" object="dsdsl" />
          </select>
          <joins>
            <join to="ExecutableOutputDataSet" toProperty="ExecutableID" from="exedsl" fromProperty="Executable" />
            <join to="dsdsl" toProperty="DataSet" from="ExecutableOutputDataSet" fromProperty="DataSetID"  />
          </joins>
        </union>
        <union>
          <select>
            <Property name="Executable" object="exedsl"/>
            <Property name="DataSet" object="de" />
          </select>
          <joins>
            <join to="ExecutableOutputDataSet" toProperty="ExecutableID" from="exedsl" fromProperty="Executable" />
            <join to="de" toProperty="DataSet" from="ExecutableOutputDataSet" fromProperty="DataSetID"  />
          </joins>
        </union>
        <union>
          <select>
            <Property name="Executable" object="tr"/>
            <Property name="DataSet" object="dsdsl" />
          </select>
          <joins>
            <join to="DataElem" toProperty="DataElemID" from="tr" fromProperty="OutputDataElem" />
            <join to="dsdsl" toProperty="DataSet" from="DataElem" fromProperty="DataSetID" />
          </joins>
        </union>
      </sqlStatement>
    </edge>

    <edge ignoreMissingNodes="true">
      <sqlStatement description="DS->EXE">
        <select>
          <Property name="DataSet" object="de"/>
          <Property name="Executable" object="tr" />
        </select>
        <joins>
          <join to="TransformDataElem" toProperty="InputDataElem" from="de" fromProperty="DataElemID" />
          <join to="tr" toProperty="TransformID" from="TransformDataElem" fromProperty="Transform" />
        </joins>
        <union>
          <select>
            <Property name="DataSet" object="dsdsl"/>
            <Property name="Executable" object="exedsl" />
          </select>
          <joins>
            <join to="ExecutableInputDataSet" toProperty="DataSetID" from="dsdsl" fromProperty="DataSet" />
            <join to="exedsl" toProperty="Executable" from="ExecutableInputDataSet" fromProperty="ExecutableID"  />
          </joins>
        </union>
        <union>
          <select>
            <Property name="DataSet" object="de"/>
            <Property name="Executable" object="exedsl" />
          </select>
          <joins>
            <join to="ExecutableInputDataSet" toProperty="DataSetID" from="de" fromProperty="DataSet" />
            <join to="exedsl" toProperty="Executable" from="ExecutableInputDataSet" fromProperty="ExecutableID"  />
          </joins>
        </union>
        <union>
          <select>
            <Property name="DataSet" object="dsdsl"/>
            <Property name="Executable" object="tr" />
          </select>
          <joins>
            <join to="DataElem" toProperty="DataSetID" from="dsdsl" fromProperty="DataSet" />
            <join to="TransformDataElem" toProperty="InputDataElem" from="DataElem" fromProperty="DataElemID" />
            <join to="tr" toProperty="TransformID" from="TransformDataElem" fromProperty="Transform" />
          </joins>
        </union>
      </sqlStatement>
    </edge>

    <edge ignoreMissingNodes="true">
      <sqlStatement description="EXE->EXE (going through interace datasets)">
        <select>
          <Property name="Executable" object="tr"/>
          <Property name="ExecutableID" object="Executable" />
        </select>
        <joins>
          <join to="de" toProperty="DataElemID" from="tr" fromProperty="OutputDataElem" />
          <join to="DataSet" toProperty="DataSetID" from="de" fromProperty="DataSet" />
          <join to="SubType" toProperty="SubTypeID" from="DataSet" fromProperty="SubTypeID"/>
          <join to="TransformDataElem" toProperty="InputDataElemID" from="de" fromProperty="DataElemID" />
          <join to="Executable" toProperty="ExecutableID" from="TransformDataElem" fromProperty="ExecutableID" />
        </joins>
        <whereClause type="AND">
          <Expression type="EQ">
            <Property name="Name" object="SubType"/>
            <Property value="'Interface'"/>
          </Expression>
          <Expression type="NE">
            <Property name="DataSetID" object="DataSet"/>
            <Property inputArg="objID"/>
          </Expression>
        </whereClause>
        <union>
          <select>
            <Property name="Executable" object="exedsl"/>
            <Property name="ExecutableID" object="Executable" />
          </select>
          <joins>
            <join to="ExecutableOutputDataSet" toProperty="ExecutableID" from="exedsl" fromProperty="Executable" />
            <join to="dsdsl" toProperty="DataSet" from="ExecutableOutputDataSet" fromProperty="DataSetID"  />
            <join to="DataSet" toProperty="DataSetID" from="dsdsl" fromProperty="DataSet"  />
            <join to="SubType" toProperty="SubTypeID" from="DataSet" fromProperty="SubTypeID"/>
            <join to="ExecutableInputDataSet" toProperty="DataSetID" from="dsdsl" fromProperty="DataSet"  />
            <join to="Executable" toProperty="ExecutableID" from="ExecutableInputDataSet" fromProperty="ExecutableID"  />
          </joins>
          <whereClause type="AND">
            <Expression type="EQ">
              <Property name="Name" object="SubType"/>
              <Property value="'Interface'"/>
            </Expression>
            <Expression type="NE">
              <Property name="DataSetID" object="DataSet"/>
              <Property inputArg="objID"/>
            </Expression>
          </whereClause>
        </union>
      </sqlStatement>
    </edge>


    <edge mode="incremental" ignoreMissingNodes="true">
      <sqlStatement description="EXE->DS">
        <select>
          <Property name="Executable" object="tr"/>
          <Property name="DataSet" object="de" />
        </select>
        <joins>
          <join to="de" toProperty="DataElemID" from="tr" fromProperty="OutputDataElem" />
        </joins>
        <whereClause type="AND">
          <Expression type="LE">
            <Property name="Depth" object="de"/>
            <Property inputArg="incModeLimitP"/>
          </Expression>
          <Expression type="GE">
            <Property name="Depth" object="de"/>
            <Property inputArg="incModeLimitN"/>
          </Expression>
          <Expression type="LE">
            <Property name="Depth" object="tr"/>
            <Property inputArg="incModeLimitP"/>
          </Expression>
          <Expression type="GE">
            <Property name="Depth" object="tr"/>
            <Property inputArg="incModeLimitN"/>
          </Expression>
        </whereClause>
        <union>
          <select>
            <Property name="Executable" object="exedsl"/>
            <Property name="DataSet" object="dsdsl" />
          </select>
          <joins>
            <join to="ExecutableOutputDataSet" toProperty="ExecutableID" from="exedsl" fromProperty="Executable" />
            <join to="dsdsl" toProperty="DataSet" from="ExecutableOutputDataSet" fromProperty="DataSetID"  />
          </joins>
          <whereClause type="AND">
            <Expression type="LE">
              <Property name="Depth" object="dsdsl"/>
              <Property inputArg="incModeLimitP"/>
            </Expression>
            <Expression type="GE">
              <Property name="Depth" object="dsdsl"/>
              <Property inputArg="incModeLimitN"/>
            </Expression>
            <Expression type="LE">
              <Property name="Depth" object="exedsl"/>
              <Property inputArg="incModeLimitP"/>
            </Expression>
            <Expression type="GE">
              <Property name="Depth" object="exedsl"/>
              <Property inputArg="incModeLimitN"/>
            </Expression>
          </whereClause>
        </union>
        <union>
          <select>
            <Property name="Executable" object="exedsl"/>
            <Property name="DataSet" object="de" />
          </select>
          <joins>
            <join to="ExecutableOutputDataSet" toProperty="ExecutableID" from="exedsl" fromProperty="Executable" />
            <join to="de" toProperty="DataSet" from="ExecutableOutputDataSet" fromProperty="DataSetID"  />
          </joins>
          <whereClause type="AND">
            <Expression type="LE">
              <Property name="Depth" object="de"/>
              <Property inputArg="incModeLimitP"/>
            </Expression>
            <Expression type="GE">
              <Property name="Depth" object="de"/>
              <Property inputArg="incModeLimitN"/>
            </Expression>
            <Expression type="LE">
              <Property name="Depth" object="exedsl"/>
              <Property inputArg="incModeLimitP"/>
            </Expression>
            <Expression type="GE">
              <Property name="Depth" object="exedsl"/>
              <Property inputArg="incModeLimitN"/>
            </Expression>
          </whereClause>
        </union>
        <union>
          <select>
            <Property name="Executable" object="tr"/>
            <Property name="DataSet" object="dsdsl" />
          </select>
          <joins>
            <join to="DataElem" toProperty="DataElemID" from="tr" fromProperty="OutputDataElem" />
            <join to="dsdsl" toProperty="DataSet" from="DataElem" fromProperty="DataSetID" />
          </joins>
          <whereClause type="AND">
            <Expression type="LE">
              <Property name="Depth" object="dsdsl"/>
              <Property inputArg="incModeLimitP"/>
            </Expression>
            <Expression type="GE">
              <Property name="Depth" object="dsdsl"/>
              <Property inputArg="incModeLimitN"/>
            </Expression>
            <Expression type="LE">
              <Property name="Depth" object="tr"/>
              <Property inputArg="incModeLimitP"/>
            </Expression>
            <Expression type="GE">
              <Property name="Depth" object="tr"/>
              <Property inputArg="incModeLimitN"/>
            </Expression>
          </whereClause>
        </union>
      </sqlStatement>
    </edge>

    <edge mode="incremental" ignoreMissingNodes="true">
      <sqlStatement description="DS->EXE">
        <select>
          <Property name="DataSet" object="de"/>
          <Property name="Executable" object="tr" />
        </select>
        <joins>
          <join to="TransformDataElem" toProperty="InputDataElem" from="de" fromProperty="DataElemID" />
          <join to="tr" toProperty="TransformID" from="TransformDataElem" fromProperty="Transform" />
        </joins>
        <whereClause type="AND">
          <Expression type="LE">
            <Property name="Depth" object="de"/>
            <Property inputArg="incModeLimitP"/>
          </Expression>
          <Expression type="GE">
            <Property name="Depth" object="de"/>
            <Property inputArg="incModeLimitN"/>
          </Expression>
          <Expression type="LE">
            <Property name="Depth" object="tr"/>
            <Property inputArg="incModeLimitP"/>
          </Expression>
          <Expression type="GE">
            <Property name="Depth" object="tr"/>
            <Property inputArg="incModeLimitN"/>
          </Expression>
        </whereClause>
        <union>
          <select>
            <Property name="DataSet" object="dsdsl"/>
            <Property name="Executable" object="exedsl" />
          </select>
          <joins>
            <join to="ExecutableInputDataSet" toProperty="DataSetID" from="dsdsl" fromProperty="DataSet" />
            <join to="exedsl" toProperty="Executable" from="ExecutableInputDataSet" fromProperty="ExecutableID"  />
          </joins>
          <whereClause type="AND">
            <Expression type="LE">
              <Property name="Depth" object="dsdsl"/>
              <Property inputArg="incModeLimitP"/>
            </Expression>
            <Expression type="GE">
              <Property name="Depth" object="dsdsl"/>
              <Property inputArg="incModeLimitN"/>
            </Expression>
            <Expression type="LE">
              <Property name="Depth" object="exedsl"/>
              <Property inputArg="incModeLimitP"/>
            </Expression>
            <Expression type="GE">
              <Property name="Depth" object="exedsl"/>
              <Property inputArg="incModeLimitN"/>
            </Expression>
          </whereClause>
        </union>
        <union>
          <select>
            <Property name="DataSet" object="de"/>
            <Property name="Executable" object="exedsl" />
          </select>
          <joins>
            <join to="ExecutableInputDataSet" toProperty="DataSetID" from="de" fromProperty="DataSet" />
            <join to="exedsl" toProperty="Executable" from="ExecutableInputDataSet" fromProperty="ExecutableID"  />
          </joins>
          <whereClause type="AND">
            <Expression type="LE">
              <Property name="Depth" object="de"/>
              <Property inputArg="incModeLimitP"/>
            </Expression>
            <Expression type="GE">
              <Property name="Depth" object="de"/>
              <Property inputArg="incModeLimitN"/>
            </Expression>
            <Expression type="LE">
              <Property name="Depth" object="exedsl"/>
              <Property inputArg="incModeLimitP"/>
            </Expression>
            <Expression type="GE">
              <Property name="Depth" object="exedsl"/>
              <Property inputArg="incModeLimitN"/>
            </Expression>
          </whereClause>
        </union>
        <union>
          <select>
            <Property name="DataSet" object="dsdsl"/>
            <Property name="Executable" object="tr" />
          </select>
          <joins>
            <join to="DataElem" toProperty="DataSetID" from="dsdsl" fromProperty="DataSet" />
            <join to="TransformDataElem" toProperty="InputDataElem" from="DataElem" fromProperty="DataElemID" />
            <join to="tr" toProperty="TransformID" from="TransformDataElem" fromProperty="Transform" />
          </joins>
          <whereClause type="AND">
            <Expression type="LE">
              <Property name="Depth" object="dsdsl"/>
              <Property inputArg="incModeLimitP"/>
            </Expression>
            <Expression type="GE">
              <Property name="Depth" object="dsdsl"/>
              <Property inputArg="incModeLimitN"/>
            </Expression>
            <Expression type="LE">
              <Property name="Depth" object="tr"/>
              <Property inputArg="incModeLimitP"/>
            </Expression>
            <Expression type="GE">
              <Property name="Depth" object="tr"/>
              <Property inputArg="incModeLimitN"/>
            </Expression>
          </whereClause>
        </union>
      </sqlStatement>
    </edge>

  </edges>

</vs:GraphViewSpec>
