<?xml version="1.0" encoding="UTF-8"?>
<vs:GraphViewSpec xmlns:vs="http://www.abinitio.com/emms/viewSpec"
         xmlns:xsi="http://www.w3.org/2001/XMLSchema-instance"
         name="DataSetLineageForSystem">
  <TempObjects>
    <TempObject name="de">
      <Property name="DataElemID" type="ID" refObject="DataElem">
        <Column name="DataElemID" />
      </Property>
      <Property name="DataSet" refObject="DataSet">
        <Column name="DataSetID" />
      </Property>
      <Property name="Depth">
        <Column name="Depth" />
      </Property>
    </TempObject>
    <TempObject name="tr">
      <Property name="TransformID" type="ID" refObject="Transform">
        <Column name="ExecutableID"  />
        <Column name="OutputDataElemID"  />
      </Property>
      <Property name="Executable" refObject="Executable">
        <Column name="ExecutableID"  />
      </Property>
      <Property name="OutputDataElem" refObject="DataElem">
        <Column name="OutputDataElemID"  />
      </Property>
      <Property name="Depth">
        <Column name="Depth" />
      </Property>
    </TempObject>
  </TempObjects>

  <processing description="Dataset lineage for system">
    <seed>
      <sqlStatement>
        <insert>
          <Property name="DataElemID" object="de"/>
          <Property name="DataSet" object="de"/>
          <Property name="Depth" object="de"/>
        </insert>
        <select>
          <Property name="DataElemID" object="DataElem"/>
          <Property name="DataSetID" object="DataElem"/>
          <Property value="0"/>
        </select>
        <joins>
          <join to="DataSet" toProperty="DataSetID" from="DataElem" fromProperty="DataSetID"/>
          <join to="Application" toProperty="ApplicationID" from="DataSet" fromProperty="ApplicationID"/>
        </joins>
        <whereClause type="EQ">
          <Property name="SystemID" object="Application"/>
          <Property inputArg="objID"/>
        </whereClause>
      </sqlStatement>
    </seed>

    <walk type="backward">

      <sqlStatement description="backward walk: TR->DE">
        <insert>
          <Property name="TransformID" object="tr"/>
          <Property name="Depth" object="tr"/>
        </insert>
        <select distinct="true">
          <Property name="TransformID" object="Transform"/>
          <Property inputArg="depthNext" />
        </select>
        <joins>
          <join to="de" toProperty="DataElemID" from="Transform" fromProperty="OutputDataElem" />
        </joins>
        <whereClause type="EQ">
          <Property name="Depth" object="de"/>
          <Property inputArg="depthLast"/>
        </whereClause>
        <notExist>
          <select>
            <Property name="TransformID" object="tr"/>
          </select>
          <whereClause type="EQ">
              <Property name="TransformID" object="Transform"/>
              <Property name="TransformID" object="tr"/>
          </whereClause>
        </notExist>
      </sqlStatement>

      <sqlStatement description="backward walk: DE->TR" from="tr">
        <insert>
          <Property name="DataElemID" object="de"/>
          <Property name="DataSet" object="de"/>
          <Property name="Depth" object="de"/>
        </insert>
        <select distinct="true">
          <hint dbType="Oracle" viewType="Tip ChangeSetContext CommittedChangeSetVsBaseline"
                hint="ORDERED USE_NL(TTransformDataElem) USE_NL(TDataElem)"/>
          <hint dbType="SqlServer" viewType="Tip ChangeSetContext CommittedChangeSetVsBaseline"
                hint="OPTION (FORCE ORDER, LOOP JOIN)"/>
          <Property name="DataElemID" object="DataElem"/>
          <Property name="DataSetID" object="DataElem"/>
          <Property inputArg="depthNext" />
        </select>
        <joins>
          <join to="TransformDataElem" toProperty="Transform" from="tr" fromProperty="TransformID" />
          <join to="DataElem" toProperty="DataElemID" from="TransformDataElem" fromProperty="InputDataElem" />
        </joins>
        <whereClause type="EQ">
          <Property name="Depth" object="tr"/>
          <Property inputArg="depthNext"/>
        </whereClause>
        <notExist>
          <select>
            <Property name="DataElemID" object="de"/>
          </select>
          <whereClause type="EQ">
            <Property name="DataElemID" object="de"/>
            <Property name="InputDataElem" object="TransformDataElem"/>
          </whereClause>
        </notExist>
      </sqlStatement>

    </walk>

    <walk type="forward">

      <sqlStatement description="forward walk: DE->TR" from="de">
        <insert>
          <Property name="TransformID" object="tr"/>
          <Property name="Depth" object="tr"/>
        </insert>
        <select distinct="true">
          <hint dbType="Oracle" viewType="Tip ChangeSetContext CommittedChangeSetVsBaseline"
                hint="ORDERED USE_NL(TTransformDataElem) USE_NL(TTransform)"/>
          <hint dbType="SqlServer" viewType="Tip ChangeSetContext CommittedChangeSetVsBaseline"
                hint="OPTION (FORCE ORDER, LOOP JOIN)"/>
          <Property name="TransformID" object="Transform"/>
          <Property inputArg="depthNext" />
        </select>
        <joins>
          <join to="TransformDataElem" toProperty="InputDataElem" from="de" fromProperty="DataElemID" />
          <join to="Transform" toProperty="TransformID" from="TransformDataElem" fromProperty="Transform" />
        </joins>
        <whereClause type="EQ">
          <Property name="Depth" object="de"/>
          <Property inputArg="depthLast"/>
        </whereClause>
        <notExist>
          <select>
            <Property name="TransformID" object="tr"/>
          </select>
          <whereClause type="EQ">
              <Property name="Transform" object="TransformDataElem"/>
              <Property name="TransformID" object="tr"/>
          </whereClause>
        </notExist>
      </sqlStatement>

      <sqlStatement description="forward walk: TR->DE">
        <insert>
          <Property name="DataElemID" object="de"/>
          <Property name="DataSet" object="de"/>
          <Property name="Depth" object="de"/>
        </insert>
        <select distinct="true">
          <Property name="DataElemID" object="DataElem"/>
          <Property name="DataSetID" object="DataElem"/>
          <Property inputArg="depthNext" />
        </select>
        <joins>
          <join to="tr" toProperty="OutputDataElem" from="DataElem" fromProperty="DataElemID" />
        </joins>
        <whereClause type="EQ">
          <Property name="Depth" object="tr"/>
          <Property inputArg="depthNext"/>
        </whereClause>
        <notExist>
          <select>
            <Property name="DataElemID" object="de"/>
          </select>
          <whereClause type="EQ">
            <Property name="DataElemID" object="de"/>
            <Property name="DataElemID" object="DataElem"/>
          </whereClause>
        </notExist>
      </sqlStatement>
      
    </walk>

  </processing>

  <nodes>
    <node objClass="DataSet">
      <sqlStatement>
        <select object="DataSet"/>
        <exist>
          <select>
            <Property name="DataElemID" object="de"/>
          </select>
          <whereClause type="EQ">
              <Property name="DataSet" object="de"/>
              <Property name="DataSetID" object="DataSet"/>
          </whereClause>
        </exist>
      </sqlStatement>
    </node>
    <node objClass="Executable">
      <sqlStatement>
        <select object="Executable"/>
        <exist>
          <select>
            <Property name="TransformID" object="tr"/>
          </select>
          <whereClause type="EQ">
              <Property name="Executable" object="tr"/>
              <Property name="ExecutableID" object="Executable"/>
          </whereClause>
        </exist>
      </sqlStatement>
    </node>

  </nodes>

  <edges>
    <edge>
      <sqlStatement description="EXE->DS">
        <select distinct="true">
          <Property name="Executable" object="tr"/>
          <Property name="DataSet" object="de" />
        </select>
        <joins>
          <join to="de" toProperty="DataElemID" from="tr" fromProperty="OutputDataElem" />
        </joins>
      </sqlStatement>
    </edge>

    <edge>
      <sqlStatement description="DS->EXE">
        <select distinct="true">
          <Property name="DataSet" object="de"/>
          <Property name="Executable" object="tr" />
        </select>
        <joins>
          <join to="TransformDataElem" toProperty="InputDataElem" from="de" fromProperty="DataElemID" />
          <join to="tr" toProperty="TransformID" from="TransformDataElem" fromProperty="Transform" />
        </joins>
      </sqlStatement>
    </edge>

  </edges>

</vs:GraphViewSpec>
